timestamp,value,metric
2025-06-11 13:40:05,1.76387431,min(mc_mspt_seconds_10_mean)
2025-06-11 13:40:06,1.7642083,min(mc_mspt_seconds_10_mean)
2025-06-11 13:40:07,2.052126255,min(mc_mspt_seconds_10_mean)
2025-06-11 13:40:08,2.1858001,min(mc_mspt_seconds_10_mean)
2025-06-11 13:40:09,2.68847361,min(mc_mspt_seconds_10_mean)
2025-06-11 13:40:10,3.27534719,min(mc_mspt_seconds_10_mean)
2025-06-11 13:40:11,4.334591555,min(mc_mspt_seconds_10_mean)
2025-06-11 13:40:12,5.41765346,min(mc_mspt_seconds_10_mean)
2025-06-11 13:40:13,6.88918704,min(mc_mspt_seconds_10_mean)
2025-06-11 13:40:14,8.635289935,min(mc_mspt_seconds_10_mean)
2025-06-11 13:40:15,10.68021059,min(mc_mspt_seconds_10_mean)
2025-06-11 13:40:16,12.80594069,min(mc_mspt_seconds_10_mean)
2025-06-11 13:40:17,14.919410585,min(mc_mspt_seconds_10_mean)
2025-06-11 13:40:18,17.27065317,min(mc_mspt_seconds_10_mean)
2025-06-11 13:40:19,19.846828515,min(mc_mspt_seconds_10_mean)
2025-06-11 13:40:20,22.01997659,min(mc_mspt_seconds_10_mean)
2025-06-11 13:40:21,23.72924583,min(mc_mspt_seconds_10_mean)
2025-06-11 13:40:22,25.34427721,min(mc_mspt_seconds_10_mean)
2025-06-11 13:40:23,26.96449015,min(mc_mspt_seconds_10_mean)
2025-06-11 13:40:24,28.450955145,min(mc_mspt_seconds_10_mean)
2025-06-11 13:40:25,30.07229409,min(mc_mspt_seconds_10_mean)
2025-06-11 13:40:26,31.23343787,min(mc_mspt_seconds_10_mean)
2025-06-11 13:40:27,32.20847302,min(mc_mspt_seconds_10_mean)
2025-06-11 13:40:28,33.12804498,min(mc_mspt_seconds_10_mean)
2025-06-11 13:40:29,33.77551652,min(mc_mspt_seconds_10_mean)
2025-06-11 13:40:30,34.86699654,min(mc_mspt_seconds_10_mean)
2025-06-11 13:40:31,35.816262985,min(mc_mspt_seconds_10_mean)
2025-06-11 13:40:32,36.81440655,min(mc_mspt_seconds_10_mean)
2025-06-11 13:40:33,37.556536665,min(mc_mspt_seconds_10_mean)
2025-06-11 13:40:34,38.8725902,min(mc_mspt_seconds_10_mean)
2025-06-11 13:40:35,39.59744915,min(mc_mspt_seconds_10_mean)
2025-06-11 13:40:36,40.264934455,min(mc_mspt_seconds_10_mean)
2025-06-11 13:40:37,41.212680595,min(mc_mspt_seconds_10_mean)
2025-06-11 13:40:38,42.60207714,min(mc_mspt_seconds_10_mean)
2025-06-11 13:40:39,44.045985575,min(mc_mspt_seconds_10_mean)
2025-06-11 13:40:40,45.507886815,min(mc_mspt_seconds_10_mean)
2025-06-11 13:40:41,47.230974655,min(mc_mspt_seconds_10_mean)
2025-06-11 13:40:42,49.223513825,min(mc_mspt_seconds_10_mean)
2025-06-11 13:40:43,50.81982257,min(mc_mspt_seconds_10_mean)
2025-06-11 13:40:44,51.885520185,min(mc_mspt_seconds_10_mean)
2025-06-11 13:40:45,50.6370977,min(mc_mspt_seconds_10_mean)
2025-06-11 13:40:46,52.013361965,min(mc_mspt_seconds_10_mean)
2025-06-11 13:40:47,53.321777425,min(mc_mspt_seconds_10_mean)
2025-06-11 13:40:48,52.655932555,min(mc_mspt_seconds_10_mean)
2025-06-11 13:40:49,53.1346859,min(mc_mspt_seconds_10_mean)
2025-06-11 13:40:50,53.727513495000004,min(mc_mspt_seconds_10_mean)
2025-06-11 13:40:51,54.3212559,min(mc_mspt_seconds_10_mean)
2025-06-11 13:40:52,54.520352365,min(mc_mspt_seconds_10_mean)
2025-06-11 13:40:53,53.719524675,min(mc_mspt_seconds_10_mean)
2025-06-11 13:40:54,52.77586508,min(mc_mspt_seconds_10_mean)
2025-06-11 13:40:55,52.02715245,min(mc_mspt_seconds_10_mean)
2025-06-11 13:40:56,50.72706006,min(mc_mspt_seconds_10_mean)
2025-06-11 13:40:57,48.51481724,min(mc_mspt_seconds_10_mean)
2025-06-11 13:40:58,50.66004646,min(mc_mspt_seconds_10_mean)
2025-06-11 13:40:59,52.184681535,min(mc_mspt_seconds_10_mean)
2025-06-11 13:41:00,52.152790035,min(mc_mspt_seconds_10_mean)
2025-06-11 13:41:01,52.190223455,min(mc_mspt_seconds_10_mean)
2025-06-11 13:41:02,52.24261299,min(mc_mspt_seconds_10_mean)
2025-06-11 13:41:03,52.70593986,min(mc_mspt_seconds_10_mean)
2025-06-11 13:41:04,53.07750117,min(mc_mspt_seconds_10_mean)
2025-06-11 13:41:05,54.64252805,min(mc_mspt_seconds_10_mean)
2025-06-11 13:41:06,56.72289664,min(mc_mspt_seconds_10_mean)
2025-06-11 13:41:07,58.58154289,min(mc_mspt_seconds_10_mean)
2025-06-11 13:41:08,60.46335124,min(mc_mspt_seconds_10_mean)
2025-06-11 13:41:09,61.163397035,min(mc_mspt_seconds_10_mean)
2025-06-11 13:41:10,61.264570575,min(mc_mspt_seconds_10_mean)
2025-06-11 13:41:11,61.07084982,min(mc_mspt_seconds_10_mean)
2025-06-11 13:41:12,60.27028818,min(mc_mspt_seconds_10_mean)
2025-06-11 13:41:13,57.77315045,min(mc_mspt_seconds_10_mean)
2025-06-11 13:41:14,55.22612584,min(mc_mspt_seconds_10_mean)
2025-06-11 13:41:15,53.615672605,min(mc_mspt_seconds_10_mean)
2025-06-11 13:41:16,53.92567999,min(mc_mspt_seconds_10_mean)
2025-06-11 13:41:17,54.31982629,min(mc_mspt_seconds_10_mean)
2025-06-11 13:41:18,54.06592115,min(mc_mspt_seconds_10_mean)
2025-06-11 13:41:19,52.618138574999996,min(mc_mspt_seconds_10_mean)
2025-06-11 13:41:20,54.84401614,min(mc_mspt_seconds_10_mean)
2025-06-11 13:41:21,56.35418367,min(mc_mspt_seconds_10_mean)
2025-06-11 13:41:22,56.47727886,min(mc_mspt_seconds_10_mean)
2025-06-11 13:41:23,57.234219625,min(mc_mspt_seconds_10_mean)
2025-06-11 13:41:24,58.71858332,min(mc_mspt_seconds_10_mean)
2025-06-11 13:41:25,60.230962075,min(mc_mspt_seconds_10_mean)
2025-06-11 13:41:26,60.39932537,min(mc_mspt_seconds_10_mean)
2025-06-11 13:41:27,25.614517555555555,min(mc_mspt_seconds_10_mean)
2025-06-11 13:41:28,10.060999269230768,min(mc_mspt_seconds_10_mean)
2025-06-11 13:41:29,6.349365804347826,min(mc_mspt_seconds_10_mean)
2025-06-11 13:41:30,17.848852055555557,min(mc_mspt_seconds_10_mean)
2025-06-11 13:41:31,14.926566186046513,min(mc_mspt_seconds_10_mean)
2025-06-11 13:41:32,13.890202481132075,min(mc_mspt_seconds_10_mean)
2025-06-11 13:41:33,12.935296412698413,min(mc_mspt_seconds_10_mean)
2025-06-11 13:41:34,12.578778383561644,min(mc_mspt_seconds_10_mean)
2025-06-11 13:41:35,12.39230008433735,min(mc_mspt_seconds_10_mean)
2025-06-11 13:41:36,12.864558983870968,min(mc_mspt_seconds_10_mean)
2025-06-11 13:41:37,12.020688335000001,min(mc_mspt_seconds_10_mean)
2025-06-11 13:41:38,13.54743583,min(mc_mspt_seconds_10_mean)
2025-06-11 13:41:39,14.458363505,min(mc_mspt_seconds_10_mean)
2025-06-11 13:41:40,11.586360835,min(mc_mspt_seconds_10_mean)
2025-06-11 13:41:41,11.40857802,min(mc_mspt_seconds_10_mean)
2025-06-11 13:41:42,11.406187305,min(mc_mspt_seconds_10_mean)
2025-06-11 13:41:43,11.188322885,min(mc_mspt_seconds_10_mean)
2025-06-11 13:41:44,10.96955024,min(mc_mspt_seconds_10_mean)
2025-06-11 13:41:45,11.206474095,min(mc_mspt_seconds_10_mean)
2025-06-11 13:41:46,10.41106229,min(mc_mspt_seconds_10_mean)
2025-06-11 13:41:47,10.037286965,min(mc_mspt_seconds_10_mean)
2025-06-11 13:41:48,8.961961205,min(mc_mspt_seconds_10_mean)
2025-06-11 13:41:49,8.78118646,min(mc_mspt_seconds_10_mean)
2025-06-11 13:41:50,9.811167755,min(mc_mspt_seconds_10_mean)
2025-06-11 13:41:51,9.57698969,min(mc_mspt_seconds_10_mean)
2025-06-11 13:41:52,9.422126905,min(mc_mspt_seconds_10_mean)
2025-06-11 13:41:53,9.485233299999999,min(mc_mspt_seconds_10_mean)
2025-06-11 13:41:54,9.20250406,min(mc_mspt_seconds_10_mean)
2025-06-11 13:41:55,8.713247615,min(mc_mspt_seconds_10_mean)
2025-06-11 13:41:56,8.502169645,min(mc_mspt_seconds_10_mean)
2025-06-11 13:41:57,8.471079655,min(mc_mspt_seconds_10_mean)
2025-06-11 13:41:58,8.52128108,min(mc_mspt_seconds_10_mean)
2025-06-11 13:41:59,8.58020266,min(mc_mspt_seconds_10_mean)
2025-06-11 13:42:00,6.994584855,min(mc_mspt_seconds_10_mean)
2025-06-11 13:42:01,7.402309305,min(mc_mspt_seconds_10_mean)
2025-06-11 13:42:02,7.542582785,min(mc_mspt_seconds_10_mean)
2025-06-11 13:42:03,7.758370625,min(mc_mspt_seconds_10_mean)
2025-06-11 13:42:04,8.190198605,min(mc_mspt_seconds_10_mean)
2025-06-11 13:42:05,8.022517025,min(mc_mspt_seconds_10_mean)
2025-06-11 13:42:06,8.25987397,min(mc_mspt_seconds_10_mean)
2025-06-11 13:42:07,8.3133922,min(mc_mspt_seconds_10_mean)
2025-06-11 13:42:08,8.540130425,min(mc_mspt_seconds_10_mean)
2025-06-11 13:42:09,8.353787454999999,min(mc_mspt_seconds_10_mean)
2025-06-11 13:42:10,8.602418435,min(mc_mspt_seconds_10_mean)
2025-06-11 13:42:11,8.818038015,min(mc_mspt_seconds_10_mean)
2025-06-11 13:42:12,8.925391125,min(mc_mspt_seconds_10_mean)
2025-06-11 13:42:13,9.054921935,min(mc_mspt_seconds_10_mean)
2025-06-11 13:42:14,8.92241407,min(mc_mspt_seconds_10_mean)
2025-06-11 13:42:15,9.322860035,min(mc_mspt_seconds_10_mean)
2025-06-11 13:42:16,9.329706585,min(mc_mspt_seconds_10_mean)
2025-06-11 13:42:17,9.5315289,min(mc_mspt_seconds_10_mean)
2025-06-11 13:42:18,9.49575874,min(mc_mspt_seconds_10_mean)
2025-06-11 13:42:19,9.722803805,min(mc_mspt_seconds_10_mean)
2025-06-11 13:42:20,9.532483735,min(mc_mspt_seconds_10_mean)
2025-06-11 13:42:21,9.261287845,min(mc_mspt_seconds_10_mean)
2025-06-11 13:42:22,8.87886461,min(mc_mspt_seconds_10_mean)
2025-06-11 13:42:23,8.61606919,min(mc_mspt_seconds_10_mean)
2025-06-11 13:42:24,8.55389642,min(mc_mspt_seconds_10_mean)
2025-06-11 13:42:25,8.10024377,min(mc_mspt_seconds_10_mean)
2025-06-11 13:42:26,8.00669006,min(mc_mspt_seconds_10_mean)
2025-06-11 13:42:27,7.868762635,min(mc_mspt_seconds_10_mean)
2025-06-11 13:42:28,8.058303975,min(mc_mspt_seconds_10_mean)
2025-06-11 13:42:29,8.0231153,min(mc_mspt_seconds_10_mean)
2025-06-11 13:42:30,8.355603875,min(mc_mspt_seconds_10_mean)
2025-06-11 13:42:31,8.424168875,min(mc_mspt_seconds_10_mean)
2025-06-11 13:42:32,8.94158343,min(mc_mspt_seconds_10_mean)
2025-06-11 13:42:33,9.18371009,min(mc_mspt_seconds_10_mean)
2025-06-11 13:42:34,9.35614998,min(mc_mspt_seconds_10_mean)
2025-06-11 13:42:35,9.49087926,min(mc_mspt_seconds_10_mean)
2025-06-11 13:42:36,9.361064559999999,min(mc_mspt_seconds_10_mean)
2025-06-11 13:42:37,9.171817305,min(mc_mspt_seconds_10_mean)
2025-06-11 13:42:38,8.8323876,min(mc_mspt_seconds_10_mean)
2025-06-11 13:42:39,8.669373925,min(mc_mspt_seconds_10_mean)
2025-06-11 13:42:40,8.263959865,min(mc_mspt_seconds_10_mean)
2025-06-11 13:42:41,8.162395175,min(mc_mspt_seconds_10_mean)
2025-06-11 13:42:42,7.81265782,min(mc_mspt_seconds_10_mean)
2025-06-11 13:42:43,7.696537715,min(mc_mspt_seconds_10_mean)
2025-06-11 13:42:44,7.787977435,min(mc_mspt_seconds_10_mean)
2025-06-11 13:42:45,7.950288835,min(mc_mspt_seconds_10_mean)
2025-06-11 13:42:46,8.08970674,min(mc_mspt_seconds_10_mean)
2025-06-11 13:42:47,8.211043025,min(mc_mspt_seconds_10_mean)
2025-06-11 13:42:48,8.322616085,min(mc_mspt_seconds_10_mean)
2025-06-11 13:42:49,8.380299429999999,min(mc_mspt_seconds_10_mean)
2025-06-11 13:42:50,8.80222921,min(mc_mspt_seconds_10_mean)
2025-06-11 13:42:51,8.87361033,min(mc_mspt_seconds_10_mean)
2025-06-11 13:42:52,8.76713196,min(mc_mspt_seconds_10_mean)
2025-06-11 13:42:53,8.711796835,min(mc_mspt_seconds_10_mean)
2025-06-11 13:42:54,8.491229335,min(mc_mspt_seconds_10_mean)
2025-06-11 13:42:55,8.56571153,min(mc_mspt_seconds_10_mean)
2025-06-11 13:42:56,8.64669702,min(mc_mspt_seconds_10_mean)
2025-06-11 13:42:57,8.57679712,min(mc_mspt_seconds_10_mean)
2025-06-11 13:42:58,8.63240279,min(mc_mspt_seconds_10_mean)
2025-06-11 13:42:59,8.503049125,min(mc_mspt_seconds_10_mean)
2025-06-11 13:43:00,8.308592575,min(mc_mspt_seconds_10_mean)
2025-06-11 13:43:01,6.541770323529412,min(mc_mspt_seconds_10_mean)
2025-06-11 13:43:02,5.357229727272728,min(mc_mspt_seconds_10_mean)
2025-06-11 13:43:03,4.575594324074074,min(mc_mspt_seconds_10_mean)
2025-06-11 13:43:04,4.01730575,min(mc_mspt_seconds_10_mean)
2025-06-11 13:43:05,3.594123418918919,min(mc_mspt_seconds_10_mean)
2025-06-11 13:43:06,3.2613768928571427,min(mc_mspt_seconds_10_mean)
2025-06-11 13:43:07,3.0598419680851063,min(mc_mspt_seconds_10_mean)
2025-06-11 13:43:08,1.29925255,min(mc_mspt_seconds_10_mean)
2025-06-11 13:43:09,1.16214657,min(mc_mspt_seconds_10_mean)
2025-06-11 13:43:10,1.090596135,min(mc_mspt_seconds_10_mean)
2025-06-11 13:43:11,1.08643292,min(mc_mspt_seconds_10_mean)
2025-06-11 13:43:12,1.04879468,min(mc_mspt_seconds_10_mean)
2025-06-11 13:43:13,1.03010507,min(mc_mspt_seconds_10_mean)
2025-06-11 13:43:14,1.0169397,min(mc_mspt_seconds_10_mean)
2025-06-11 13:43:15,1.04358848,min(mc_mspt_seconds_10_mean)
2025-06-11 13:43:16,1.10031606,min(mc_mspt_seconds_10_mean)
2025-06-11 13:43:17,1.05838453,min(mc_mspt_seconds_10_mean)
2025-06-11 13:43:18,1.04235522,min(mc_mspt_seconds_10_mean)
2025-06-11 13:43:19,1.09758083,min(mc_mspt_seconds_10_mean)
2025-06-11 13:43:20,1.084987425,min(mc_mspt_seconds_10_mean)
2025-06-11 13:43:21,1.05710825,min(mc_mspt_seconds_10_mean)
2025-06-11 13:43:22,1.044020425,min(mc_mspt_seconds_10_mean)
2025-06-11 13:43:23,1.04826123,min(mc_mspt_seconds_10_mean)
2025-06-11 13:43:24,1.05441095,min(mc_mspt_seconds_10_mean)
2025-06-11 13:43:25,1.022792205,min(mc_mspt_seconds_10_mean)
2025-06-11 13:43:26,0.98615952,min(mc_mspt_seconds_10_mean)
2025-06-11 13:43:27,10.08986739,min(mc_mspt_seconds_10_mean)
2025-06-11 13:43:28,9.971668195,min(mc_mspt_seconds_10_mean)
2025-06-11 13:43:29,9.94731673,min(mc_mspt_seconds_10_mean)
2025-06-11 13:43:30,10.107419,min(mc_mspt_seconds_10_mean)
2025-06-11 13:43:31,10.32287234,min(mc_mspt_seconds_10_mean)
2025-06-11 13:43:32,10.38699284,min(mc_mspt_seconds_10_mean)
2025-06-11 13:43:33,10.72787167,min(mc_mspt_seconds_10_mean)
2025-06-11 13:43:34,10.622090575,min(mc_mspt_seconds_10_mean)
2025-06-11 13:43:35,10.76846518,min(mc_mspt_seconds_10_mean)
2025-06-11 13:43:36,10.980423225,min(mc_mspt_seconds_10_mean)
2025-06-11 13:43:37,11.231025615,min(mc_mspt_seconds_10_mean)
2025-06-11 13:43:38,11.212717845,min(mc_mspt_seconds_10_mean)
2025-06-11 13:43:39,11.3280308,min(mc_mspt_seconds_10_mean)
2025-06-11 13:43:40,11.34317158,min(mc_mspt_seconds_10_mean)
2025-06-11 13:43:41,11.19451755,min(mc_mspt_seconds_10_mean)
2025-06-11 13:43:42,11.303868315,min(mc_mspt_seconds_10_mean)
2025-06-11 13:43:43,10.887601385,min(mc_mspt_seconds_10_mean)
2025-06-11 13:43:44,11.030785805,min(mc_mspt_seconds_10_mean)
2025-06-11 13:43:45,10.84410757,min(mc_mspt_seconds_10_mean)
2025-06-11 13:43:46,11.037850365,min(mc_mspt_seconds_10_mean)
2025-06-11 13:43:47,11.01493578,min(mc_mspt_seconds_10_mean)
2025-06-11 13:43:48,11.42969503,min(mc_mspt_seconds_10_mean)
2025-06-11 13:43:49,11.802183805,min(mc_mspt_seconds_10_mean)
2025-06-11 13:43:50,11.56768211,min(mc_mspt_seconds_10_mean)
2025-06-11 13:43:51,11.9213732,min(mc_mspt_seconds_10_mean)
2025-06-11 13:43:52,12.033787605,min(mc_mspt_seconds_10_mean)
2025-06-11 13:43:53,12.592924325,min(mc_mspt_seconds_10_mean)
2025-06-11 13:43:54,12.78819739,min(mc_mspt_seconds_10_mean)
2025-06-11 13:43:55,13.435239585,min(mc_mspt_seconds_10_mean)
2025-06-11 13:43:56,13.353751625,min(mc_mspt_seconds_10_mean)
2025-06-11 13:43:57,13.46540352,min(mc_mspt_seconds_10_mean)
2025-06-11 13:43:58,13.107139705,min(mc_mspt_seconds_10_mean)
2025-06-11 13:43:59,12.98134608,min(mc_mspt_seconds_10_mean)
2025-06-11 13:44:00,13.1915412,min(mc_mspt_seconds_10_mean)
2025-06-11 13:44:01,13.27071478,min(mc_mspt_seconds_10_mean)
2025-06-11 13:44:02,13.21501136,min(mc_mspt_seconds_10_mean)
2025-06-11 13:44:03,13.20626405,min(mc_mspt_seconds_10_mean)
2025-06-11 13:44:04,13.70284256,min(mc_mspt_seconds_10_mean)
2025-06-11 13:44:05,13.507169619999999,min(mc_mspt_seconds_10_mean)
2025-06-11 13:44:06,13.56948023,min(mc_mspt_seconds_10_mean)
2025-06-11 13:44:07,13.6747301,min(mc_mspt_seconds_10_mean)
2025-06-11 13:44:08,13.990577365,min(mc_mspt_seconds_10_mean)
2025-06-11 13:44:09,14.33235693,min(mc_mspt_seconds_10_mean)
2025-06-11 13:44:10,14.46864047,min(mc_mspt_seconds_10_mean)
2025-06-11 13:44:11,14.53171457,min(mc_mspt_seconds_10_mean)
2025-06-11 13:44:12,14.555066545,min(mc_mspt_seconds_10_mean)
2025-06-11 13:44:13,14.65487745,min(mc_mspt_seconds_10_mean)
2025-06-11 13:44:14,14.424540055,min(mc_mspt_seconds_10_mean)
2025-06-11 13:44:15,14.540110985,min(mc_mspt_seconds_10_mean)
2025-06-11 13:44:16,14.755609585,min(mc_mspt_seconds_10_mean)
2025-06-11 13:44:17,14.761562045,min(mc_mspt_seconds_10_mean)
2025-06-11 13:44:18,14.65214426,min(mc_mspt_seconds_10_mean)
2025-06-11 13:44:19,14.3710523,min(mc_mspt_seconds_10_mean)
2025-06-11 13:44:20,14.459845225,min(mc_mspt_seconds_10_mean)
2025-06-11 13:44:21,14.444574505,min(mc_mspt_seconds_10_mean)
2025-06-11 13:44:22,14.70055566,min(mc_mspt_seconds_10_mean)
2025-06-11 13:44:23,14.5837713,min(mc_mspt_seconds_10_mean)
2025-06-11 13:44:24,14.474886215,min(mc_mspt_seconds_10_mean)
2025-06-11 13:44:25,14.13088227,min(mc_mspt_seconds_10_mean)
2025-06-11 13:44:26,13.72677198,min(mc_mspt_seconds_10_mean)
2025-06-11 13:44:27,13.450790525,min(mc_mspt_seconds_10_mean)
2025-06-11 13:44:28,11.85205418,min(mc_mspt_seconds_10_mean)
2025-06-11 13:44:29,11.890449049999999,min(mc_mspt_seconds_10_mean)
2025-06-11 13:44:30,11.529158305,min(mc_mspt_seconds_10_mean)
2025-06-11 13:44:31,10.24052441,min(mc_mspt_seconds_10_mean)
2025-06-11 13:44:32,10.026553145,min(mc_mspt_seconds_10_mean)
2025-06-11 13:44:33,8.989926265,min(mc_mspt_seconds_10_mean)
2025-06-11 13:44:34,8.77138251,min(mc_mspt_seconds_10_mean)
2025-06-11 13:44:35,7.9108443,min(mc_mspt_seconds_10_mean)
2025-06-11 13:44:36,7.63212228,min(mc_mspt_seconds_10_mean)
2025-06-11 13:44:37,7.09281163,min(mc_mspt_seconds_10_mean)
2025-06-11 13:44:38,7.096017945,min(mc_mspt_seconds_10_mean)
2025-06-11 13:44:39,7.084443605,min(mc_mspt_seconds_10_mean)
2025-06-11 13:44:40,7.28895095,min(mc_mspt_seconds_10_mean)
2025-06-11 13:44:41,7.279294835,min(mc_mspt_seconds_10_mean)
2025-06-11 13:44:42,7.43528915,min(mc_mspt_seconds_10_mean)
2025-06-11 13:44:43,7.761830275,min(mc_mspt_seconds_10_mean)
2025-06-11 13:44:44,8.31288968,min(mc_mspt_seconds_10_mean)
2025-06-11 13:44:45,8.453273615,min(mc_mspt_seconds_10_mean)
2025-06-11 13:44:46,8.743603785,min(mc_mspt_seconds_10_mean)
2025-06-11 13:44:47,9.117397045,min(mc_mspt_seconds_10_mean)
2025-06-11 13:44:48,9.577804955,min(mc_mspt_seconds_10_mean)
2025-06-11 13:44:49,10.2728791,min(mc_mspt_seconds_10_mean)
2025-06-11 13:44:50,10.234797265,min(mc_mspt_seconds_10_mean)
2025-06-11 13:44:51,10.472872295,min(mc_mspt_seconds_10_mean)
2025-06-11 13:44:52,10.274915285,min(mc_mspt_seconds_10_mean)
2025-06-11 13:44:53,10.22819909,min(mc_mspt_seconds_10_mean)
2025-06-11 13:44:54,9.468166135,min(mc_mspt_seconds_10_mean)
2025-06-11 13:44:55,9.554154395,min(mc_mspt_seconds_10_mean)
2025-06-11 13:44:56,8.82280079,min(mc_mspt_seconds_10_mean)
2025-06-11 13:44:57,8.87191703,min(mc_mspt_seconds_10_mean)
2025-06-11 13:44:58,8.332518365,min(mc_mspt_seconds_10_mean)
2025-06-11 13:44:59,7.92989767,min(mc_mspt_seconds_10_mean)
2025-06-11 13:45:00,7.68925859,min(mc_mspt_seconds_10_mean)
2025-06-11 13:45:01,7.726252605,min(mc_mspt_seconds_10_mean)
2025-06-11 13:45:02,8.485380995,min(mc_mspt_seconds_10_mean)
2025-06-11 13:45:03,8.382605155,min(mc_mspt_seconds_10_mean)
2025-06-11 13:45:04,8.762098455,min(mc_mspt_seconds_10_mean)
2025-06-11 13:45:05,8.72014555,min(mc_mspt_seconds_10_mean)
2025-06-11 13:45:06,9.093071395,min(mc_mspt_seconds_10_mean)
2025-06-11 13:45:07,8.911946605,min(mc_mspt_seconds_10_mean)
2025-06-11 13:45:08,9.23167005,min(mc_mspt_seconds_10_mean)
2025-06-11 13:45:09,8.99747515,min(mc_mspt_seconds_10_mean)
2025-06-11 13:45:10,9.43889129,min(mc_mspt_seconds_10_mean)
2025-06-11 13:45:11,9.311620465,min(mc_mspt_seconds_10_mean)
2025-06-11 13:45:12,8.6789574,min(mc_mspt_seconds_10_mean)
2025-06-11 13:45:13,8.73597544,min(mc_mspt_seconds_10_mean)
2025-06-11 13:45:14,9.00122296,min(mc_mspt_seconds_10_mean)
2025-06-11 13:45:15,9.055002025,min(mc_mspt_seconds_10_mean)
2025-06-11 13:45:16,9.138073665,min(mc_mspt_seconds_10_mean)
2025-06-11 13:45:17,9.317136495,min(mc_mspt_seconds_10_mean)
2025-06-11 13:45:18,9.27370327,min(mc_mspt_seconds_10_mean)
2025-06-11 13:45:19,9.795011545,min(mc_mspt_seconds_10_mean)
2025-06-11 13:45:20,10.05881476,min(mc_mspt_seconds_10_mean)
2025-06-11 13:45:21,10.500033525,min(mc_mspt_seconds_10_mean)
2025-06-11 13:45:22,10.488030925,min(mc_mspt_seconds_10_mean)
2025-06-11 13:45:23,10.799860635,min(mc_mspt_seconds_10_mean)
2025-06-11 13:45:24,10.842900055,min(mc_mspt_seconds_10_mean)
2025-06-11 13:45:25,10.96633267,min(mc_mspt_seconds_10_mean)
2025-06-11 13:45:26,10.860180145,min(mc_mspt_seconds_10_mean)
2025-06-11 13:45:27,10.765075075,min(mc_mspt_seconds_10_mean)
2025-06-11 13:45:28,10.979408895,min(mc_mspt_seconds_10_mean)
2025-06-11 13:45:29,10.315454645,min(mc_mspt_seconds_10_mean)
2025-06-11 13:45:30,10.4262314,min(mc_mspt_seconds_10_mean)
2025-06-11 13:45:31,10.14689041,min(mc_mspt_seconds_10_mean)
2025-06-11 13:45:32,10.200158585,min(mc_mspt_seconds_10_mean)
2025-06-11 13:45:33,9.91150465,min(mc_mspt_seconds_10_mean)
2025-06-11 13:45:34,9.65274085,min(mc_mspt_seconds_10_mean)
2025-06-11 13:45:35,9.51132232,min(mc_mspt_seconds_10_mean)
2025-06-11 13:45:36,9.50484437,min(mc_mspt_seconds_10_mean)
2025-06-11 13:45:37,9.84318787,min(mc_mspt_seconds_10_mean)
2025-06-11 13:45:38,9.397136945,min(mc_mspt_seconds_10_mean)
2025-06-11 13:45:39,9.29191552,min(mc_mspt_seconds_10_mean)
2025-06-11 13:45:40,8.792017555,min(mc_mspt_seconds_10_mean)
2025-06-11 13:45:41,8.889915245,min(mc_mspt_seconds_10_mean)
2025-06-11 13:45:42,8.72761548,min(mc_mspt_seconds_10_mean)
2025-06-11 13:45:43,8.93934011,min(mc_mspt_seconds_10_mean)
2025-06-11 13:45:44,8.584620055,min(mc_mspt_seconds_10_mean)
2025-06-11 13:45:45,8.832513565,min(mc_mspt_seconds_10_mean)
2025-06-11 13:45:46,8.683156375,min(mc_mspt_seconds_10_mean)
2025-06-11 13:45:47,8.319489835,min(mc_mspt_seconds_10_mean)
2025-06-11 13:45:48,8.193018565,min(mc_mspt_seconds_10_mean)
2025-06-11 13:45:49,8.19870722,min(mc_mspt_seconds_10_mean)
2025-06-11 13:45:50,8.335297775,min(mc_mspt_seconds_10_mean)
2025-06-11 13:45:51,8.261140795,min(mc_mspt_seconds_10_mean)
2025-06-11 13:45:52,8.114230975,min(mc_mspt_seconds_10_mean)
2025-06-11 13:45:53,8.098942155,min(mc_mspt_seconds_10_mean)
2025-06-11 13:45:54,8.167903205,min(mc_mspt_seconds_10_mean)
2025-06-11 13:45:55,8.21057983,min(mc_mspt_seconds_10_mean)
2025-06-11 13:45:56,8.16749479,min(mc_mspt_seconds_10_mean)
2025-06-11 13:45:57,8.15065863,min(mc_mspt_seconds_10_mean)
2025-06-11 13:45:58,8.93471835,min(mc_mspt_seconds_10_mean)
2025-06-11 13:45:59,9.041970275,min(mc_mspt_seconds_10_mean)
2025-06-11 13:46:00,9.391404415,min(mc_mspt_seconds_10_mean)
2025-06-11 13:46:01,9.496088635,min(mc_mspt_seconds_10_mean)
2025-06-11 13:46:02,10.028318275,min(mc_mspt_seconds_10_mean)
2025-06-11 13:46:03,9.976106825,min(mc_mspt_seconds_10_mean)
2025-06-11 13:46:04,10.398583535,min(mc_mspt_seconds_10_mean)
2025-06-11 13:46:05,10.395878745,min(mc_mspt_seconds_10_mean)
2025-06-11 13:46:06,10.82074566,min(mc_mspt_seconds_10_mean)
2025-06-11 13:46:07,10.74203552,min(mc_mspt_seconds_10_mean)
2025-06-11 13:46:08,10.426799935,min(mc_mspt_seconds_10_mean)
2025-06-11 13:46:09,10.201976225,min(mc_mspt_seconds_10_mean)
2025-06-11 13:46:10,10.056941665,min(mc_mspt_seconds_10_mean)
2025-06-11 13:46:11,9.843941875,min(mc_mspt_seconds_10_mean)
2025-06-11 13:46:12,9.61156176,min(mc_mspt_seconds_10_mean)
2025-06-11 13:46:13,9.68784386,min(mc_mspt_seconds_10_mean)
2025-06-11 13:46:14,9.64164407,min(mc_mspt_seconds_10_mean)
2025-06-11 13:46:15,9.373848935,min(mc_mspt_seconds_10_mean)
2025-06-11 13:46:16,9.127973145,min(mc_mspt_seconds_10_mean)
2025-06-11 13:46:17,9.132881265,min(mc_mspt_seconds_10_mean)
2025-06-11 13:46:18,9.034098605,min(mc_mspt_seconds_10_mean)
2025-06-11 13:46:19,9.199852985,min(mc_mspt_seconds_10_mean)
2025-06-11 13:46:20,9.001392355,min(mc_mspt_seconds_10_mean)
2025-06-11 13:46:21,9.20650874,min(mc_mspt_seconds_10_mean)
2025-06-11 13:46:22,8.975412075,min(mc_mspt_seconds_10_mean)
2025-06-11 13:46:23,8.92705448,min(mc_mspt_seconds_10_mean)
2025-06-11 13:46:24,8.61259283,min(mc_mspt_seconds_10_mean)
2025-06-11 13:46:25,8.712313535,min(mc_mspt_seconds_10_mean)
2025-06-11 13:46:26,8.47625565,min(mc_mspt_seconds_10_mean)
2025-06-11 13:46:27,8.677540175,min(mc_mspt_seconds_10_mean)
2025-06-11 13:46:28,8.44208889,min(mc_mspt_seconds_10_mean)
2025-06-11 13:46:29,8.502504135,min(mc_mspt_seconds_10_mean)
2025-06-11 13:46:30,8.60580704,min(mc_mspt_seconds_10_mean)
2025-06-11 13:46:31,8.64968052,min(mc_mspt_seconds_10_mean)
2025-06-11 13:46:32,8.948534135,min(mc_mspt_seconds_10_mean)
2025-06-11 13:46:33,9.139646195,min(mc_mspt_seconds_10_mean)
2025-06-11 13:46:34,9.145319185,min(mc_mspt_seconds_10_mean)
2025-06-11 13:46:35,9.04519602,min(mc_mspt_seconds_10_mean)
2025-06-11 13:46:36,9.381354295,min(mc_mspt_seconds_10_mean)
2025-06-11 13:46:37,9.327817535,min(mc_mspt_seconds_10_mean)
2025-06-11 13:46:38,9.530562875,min(mc_mspt_seconds_10_mean)
2025-06-11 13:46:39,9.37359279,min(mc_mspt_seconds_10_mean)
2025-06-11 13:46:40,9.278832755,min(mc_mspt_seconds_10_mean)
2025-06-11 13:46:41,8.78898507,min(mc_mspt_seconds_10_mean)
2025-06-11 13:46:42,8.53979284,min(mc_mspt_seconds_10_mean)
2025-06-11 13:46:43,8.136967245,min(mc_mspt_seconds_10_mean)
2025-06-11 13:46:44,8.145624725,min(mc_mspt_seconds_10_mean)
2025-06-11 13:46:45,8.33425102,min(mc_mspt_seconds_10_mean)
2025-06-11 13:46:46,8.29180721,min(mc_mspt_seconds_10_mean)
2025-06-11 13:46:47,8.702951115,min(mc_mspt_seconds_10_mean)
2025-06-11 13:46:48,8.901679585,min(mc_mspt_seconds_10_mean)
2025-06-11 13:46:49,9.217065665,min(mc_mspt_seconds_10_mean)
2025-06-11 13:46:50,9.32040151,min(mc_mspt_seconds_10_mean)
2025-06-11 13:46:51,9.957638465,min(mc_mspt_seconds_10_mean)
2025-06-11 13:46:52,10.068806305,min(mc_mspt_seconds_10_mean)
2025-06-11 13:46:53,10.347708525,min(mc_mspt_seconds_10_mean)
2025-06-11 13:46:54,10.180425235,min(mc_mspt_seconds_10_mean)
2025-06-11 13:46:55,10.10080755,min(mc_mspt_seconds_10_mean)
2025-06-11 13:46:56,9.94717784,min(mc_mspt_seconds_10_mean)
2025-06-11 13:46:57,9.87089685,min(mc_mspt_seconds_10_mean)
2025-06-11 13:46:58,9.803975715,min(mc_mspt_seconds_10_mean)
2025-06-11 13:46:59,9.76971029,min(mc_mspt_seconds_10_mean)
2025-06-11 13:47:00,9.969769735,min(mc_mspt_seconds_10_mean)
2025-06-11 13:47:01,9.575927975,min(mc_mspt_seconds_10_mean)
2025-06-11 13:47:02,9.830059915,min(mc_mspt_seconds_10_mean)
2025-06-11 13:47:03,9.65060072,min(mc_mspt_seconds_10_mean)
2025-06-11 13:47:04,10.005828835,min(mc_mspt_seconds_10_mean)
2025-06-11 13:47:05,9.97497999,min(mc_mspt_seconds_10_mean)
2025-06-11 13:47:06,10.401018275,min(mc_mspt_seconds_10_mean)
2025-06-11 13:47:07,10.36620603,min(mc_mspt_seconds_10_mean)
2025-06-11 13:47:08,10.473544635,min(mc_mspt_seconds_10_mean)
2025-06-11 13:47:09,10.308632125,min(mc_mspt_seconds_10_mean)
2025-06-11 13:47:10,10.31824554,min(mc_mspt_seconds_10_mean)
2025-06-11 13:47:11,10.429421715,min(mc_mspt_seconds_10_mean)
2025-06-11 13:47:12,10.53828947,min(mc_mspt_seconds_10_mean)
2025-06-11 13:47:13,10.62497018,min(mc_mspt_seconds_10_mean)
2025-06-11 13:47:14,10.527380495000001,min(mc_mspt_seconds_10_mean)
2025-06-11 13:47:15,10.815001005000001,min(mc_mspt_seconds_10_mean)
2025-06-11 13:47:16,10.720062555,min(mc_mspt_seconds_10_mean)
2025-06-11 13:47:17,10.582819425,min(mc_mspt_seconds_10_mean)
2025-06-11 13:47:18,10.554233655,min(mc_mspt_seconds_10_mean)
2025-06-11 13:47:19,10.64731622,min(mc_mspt_seconds_10_mean)
2025-06-11 13:47:20,10.76712523,min(mc_mspt_seconds_10_mean)
2025-06-11 13:47:21,10.90923707,min(mc_mspt_seconds_10_mean)
2025-06-11 13:47:22,11.147963155,min(mc_mspt_seconds_10_mean)
2025-06-11 13:47:23,11.30855199,min(mc_mspt_seconds_10_mean)
2025-06-11 13:47:24,11.82592702,min(mc_mspt_seconds_10_mean)
2025-06-11 13:47:25,12.09601778,min(mc_mspt_seconds_10_mean)
2025-06-11 13:47:26,12.27840903,min(mc_mspt_seconds_10_mean)
2025-06-11 13:47:27,12.317467395,min(mc_mspt_seconds_10_mean)
2025-06-11 13:47:28,12.380435195,min(mc_mspt_seconds_10_mean)
2025-06-11 13:47:29,12.39895673,min(mc_mspt_seconds_10_mean)
2025-06-11 13:47:30,12.42078743,min(mc_mspt_seconds_10_mean)
2025-06-11 13:47:31,12.30706094,min(mc_mspt_seconds_10_mean)
2025-06-11 13:47:32,12.176158295,min(mc_mspt_seconds_10_mean)
2025-06-11 13:47:33,12.11633251,min(mc_mspt_seconds_10_mean)
2025-06-11 13:47:34,11.729173639999999,min(mc_mspt_seconds_10_mean)
2025-06-11 13:47:35,11.46351044,min(mc_mspt_seconds_10_mean)
2025-06-11 13:47:36,11.451894075,min(mc_mspt_seconds_10_mean)
2025-06-11 13:47:37,11.793286845,min(mc_mspt_seconds_10_mean)
2025-06-11 13:47:38,11.81542781,min(mc_mspt_seconds_10_mean)
2025-06-11 13:47:39,11.87190978,min(mc_mspt_seconds_10_mean)
2025-06-11 13:47:40,11.92643646,min(mc_mspt_seconds_10_mean)
2025-06-11 13:47:41,12.14393875,min(mc_mspt_seconds_10_mean)
2025-06-11 13:47:42,12.20410339,min(mc_mspt_seconds_10_mean)
2025-06-11 13:47:43,12.43524835,min(mc_mspt_seconds_10_mean)
2025-06-11 13:47:44,12.760831885,min(mc_mspt_seconds_10_mean)
2025-06-11 13:47:45,12.75279469,min(mc_mspt_seconds_10_mean)
2025-06-11 13:47:46,12.69388794,min(mc_mspt_seconds_10_mean)
2025-06-11 13:47:47,12.501267045,min(mc_mspt_seconds_10_mean)
2025-06-11 13:47:48,12.55893657,min(mc_mspt_seconds_10_mean)
2025-06-11 13:47:49,12.66647974,min(mc_mspt_seconds_10_mean)
2025-06-11 13:47:50,12.635572325,min(mc_mspt_seconds_10_mean)
2025-06-11 13:47:51,12.70671488,min(mc_mspt_seconds_10_mean)
2025-06-11 13:47:52,12.981067135,min(mc_mspt_seconds_10_mean)
2025-06-11 13:47:53,12.786468855,min(mc_mspt_seconds_10_mean)
2025-06-11 13:47:54,12.673408235,min(mc_mspt_seconds_10_mean)
2025-06-11 13:47:55,12.72181269,min(mc_mspt_seconds_10_mean)
2025-06-11 13:47:56,12.74689346,min(mc_mspt_seconds_10_mean)
2025-06-11 13:47:57,12.64558072,min(mc_mspt_seconds_10_mean)
2025-06-11 13:47:58,12.812762565,min(mc_mspt_seconds_10_mean)
2025-06-11 13:47:59,12.86184102,min(mc_mspt_seconds_10_mean)
2025-06-11 13:48:00,12.736497275,min(mc_mspt_seconds_10_mean)
2025-06-11 13:48:01,12.540144230000001,min(mc_mspt_seconds_10_mean)
2025-06-11 13:48:02,12.271161685000001,min(mc_mspt_seconds_10_mean)
2025-06-11 13:48:03,12.345987755,min(mc_mspt_seconds_10_mean)
2025-06-11 13:48:04,12.29395864,min(mc_mspt_seconds_10_mean)
2025-06-11 13:48:05,12.611596755,min(mc_mspt_seconds_10_mean)
2025-06-11 13:48:06,12.614532515,min(mc_mspt_seconds_10_mean)
2025-06-11 13:48:07,13.13336581,min(mc_mspt_seconds_10_mean)
2025-06-11 13:48:08,12.932324055,min(mc_mspt_seconds_10_mean)
2025-06-11 13:48:09,13.079133445,min(mc_mspt_seconds_10_mean)
2025-06-11 13:48:10,12.976304625,min(mc_mspt_seconds_10_mean)
2025-06-11 13:48:11,13.310984735,min(mc_mspt_seconds_10_mean)
2025-06-11 13:48:12,13.178962605,min(mc_mspt_seconds_10_mean)
2025-06-11 13:48:13,13.42404696,min(mc_mspt_seconds_10_mean)
2025-06-11 13:48:14,13.230633845,min(mc_mspt_seconds_10_mean)
2025-06-11 13:48:15,13.2041685,min(mc_mspt_seconds_10_mean)
2025-06-11 13:48:16,13.15939692,min(mc_mspt_seconds_10_mean)
2025-06-11 13:48:17,13.01338894,min(mc_mspt_seconds_10_mean)
2025-06-11 13:48:18,12.97866713,min(mc_mspt_seconds_10_mean)
2025-06-11 13:48:19,12.9030894,min(mc_mspt_seconds_10_mean)
2025-06-11 13:48:20,12.800820815,min(mc_mspt_seconds_10_mean)
2025-06-11 13:48:21,12.97514552,min(mc_mspt_seconds_10_mean)
2025-06-11 13:48:22,13.751834755,min(mc_mspt_seconds_10_mean)
2025-06-11 13:48:23,13.44906341,min(mc_mspt_seconds_10_mean)
2025-06-11 13:48:24,13.68972533,min(mc_mspt_seconds_10_mean)
2025-06-11 13:48:25,13.386157085,min(mc_mspt_seconds_10_mean)
2025-06-11 13:48:26,13.396314564999999,min(mc_mspt_seconds_10_mean)
2025-06-11 13:48:27,13.234263205,min(mc_mspt_seconds_10_mean)
2025-06-11 13:48:28,13.618341745,min(mc_mspt_seconds_10_mean)
2025-06-11 13:48:29,13.680535855,min(mc_mspt_seconds_10_mean)
2025-06-11 13:48:30,14.25878119,min(mc_mspt_seconds_10_mean)
2025-06-11 13:48:31,13.71688902,min(mc_mspt_seconds_10_mean)
2025-06-11 13:48:32,13.01858477,min(mc_mspt_seconds_10_mean)
2025-06-11 13:48:33,13.361137725,min(mc_mspt_seconds_10_mean)
2025-06-11 13:48:34,13.55790676,min(mc_mspt_seconds_10_mean)
2025-06-11 13:48:35,13.72232783,min(mc_mspt_seconds_10_mean)
2025-06-11 13:48:36,14.42957676,min(mc_mspt_seconds_10_mean)
2025-06-11 13:48:37,14.60352397,min(mc_mspt_seconds_10_mean)
2025-06-11 13:48:38,14.66733185,min(mc_mspt_seconds_10_mean)
2025-06-11 13:48:39,14.72784046,min(mc_mspt_seconds_10_mean)
2025-06-11 13:48:40,14.708966844999999,min(mc_mspt_seconds_10_mean)
2025-06-11 13:48:41,14.94870835,min(mc_mspt_seconds_10_mean)
2025-06-11 13:48:42,15.286281595,min(mc_mspt_seconds_10_mean)
2025-06-11 13:48:43,15.204637345,min(mc_mspt_seconds_10_mean)
2025-06-11 13:48:44,14.915489795,min(mc_mspt_seconds_10_mean)
2025-06-11 13:48:45,14.964922164999999,min(mc_mspt_seconds_10_mean)
2025-06-11 13:48:46,14.344369175,min(mc_mspt_seconds_10_mean)
2025-06-11 13:48:47,14.216251385,min(mc_mspt_seconds_10_mean)
2025-06-11 13:48:48,13.803832075,min(mc_mspt_seconds_10_mean)
2025-06-11 13:48:49,13.409533685,min(mc_mspt_seconds_10_mean)
2025-06-11 13:48:50,13.810915665,min(mc_mspt_seconds_10_mean)
2025-06-11 13:48:51,13.78087935,min(mc_mspt_seconds_10_mean)
2025-06-11 13:48:52,13.70339192,min(mc_mspt_seconds_10_mean)
2025-06-11 13:48:53,13.864920615,min(mc_mspt_seconds_10_mean)
2025-06-11 13:48:54,13.976993875,min(mc_mspt_seconds_10_mean)
2025-06-11 13:48:55,13.773752825,min(mc_mspt_seconds_10_mean)
2025-06-11 13:48:56,14.179712605,min(mc_mspt_seconds_10_mean)
2025-06-11 13:48:57,14.11924216,min(mc_mspt_seconds_10_mean)
2025-06-11 13:48:58,14.33629316,min(mc_mspt_seconds_10_mean)
2025-06-11 13:48:59,14.898870775,min(mc_mspt_seconds_10_mean)
2025-06-11 13:49:00,14.5561784,min(mc_mspt_seconds_10_mean)
2025-06-11 13:49:01,14.75570923,min(mc_mspt_seconds_10_mean)
2025-06-11 13:49:02,14.748841655,min(mc_mspt_seconds_10_mean)
2025-06-11 13:49:03,14.530793645,min(mc_mspt_seconds_10_mean)
2025-06-11 13:49:04,14.755833535,min(mc_mspt_seconds_10_mean)
2025-06-11 13:49:05,15.076841205,min(mc_mspt_seconds_10_mean)
2025-06-11 13:49:06,14.84907635,min(mc_mspt_seconds_10_mean)
2025-06-11 13:49:07,16.06220507,min(mc_mspt_seconds_10_mean)
2025-06-11 13:49:08,16.70847475,min(mc_mspt_seconds_10_mean)
2025-06-11 13:49:09,17.314017295,min(mc_mspt_seconds_10_mean)
2025-06-11 13:49:10,17.150719335,min(mc_mspt_seconds_10_mean)
2025-06-11 13:49:11,17.54779008,min(mc_mspt_seconds_10_mean)
2025-06-11 13:49:12,17.63833816,min(mc_mspt_seconds_10_mean)
2025-06-11 13:49:13,18.56025415,min(mc_mspt_seconds_10_mean)
2025-06-11 13:49:14,18.773274225,min(mc_mspt_seconds_10_mean)
2025-06-11 13:49:15,18.70610742,min(mc_mspt_seconds_10_mean)
2025-06-11 13:49:16,18.772971235,min(mc_mspt_seconds_10_mean)
2025-06-11 13:49:17,18.94094527,min(mc_mspt_seconds_10_mean)
2025-06-11 13:49:18,18.32077242,min(mc_mspt_seconds_10_mean)
2025-06-11 13:49:19,17.756866885,min(mc_mspt_seconds_10_mean)
2025-06-11 13:49:20,17.713873965,min(mc_mspt_seconds_10_mean)
2025-06-11 13:49:21,17.49789464,min(mc_mspt_seconds_10_mean)
2025-06-11 13:49:22,17.33798238,min(mc_mspt_seconds_10_mean)
2025-06-11 13:49:23,16.567363565,min(mc_mspt_seconds_10_mean)
2025-06-11 13:49:24,15.871911255,min(mc_mspt_seconds_10_mean)
2025-06-11 13:49:25,15.225714245,min(mc_mspt_seconds_10_mean)
2025-06-11 13:49:26,15.299613625,min(mc_mspt_seconds_10_mean)
2025-06-11 13:49:27,14.950454835,min(mc_mspt_seconds_10_mean)
2025-06-11 13:49:28,14.6838657,min(mc_mspt_seconds_10_mean)
2025-06-11 13:49:29,14.49402193,min(mc_mspt_seconds_10_mean)
2025-06-11 13:49:30,14.41368137,min(mc_mspt_seconds_10_mean)
2025-06-11 13:49:31,14.16074928,min(mc_mspt_seconds_10_mean)
2025-06-11 13:49:32,14.045844055,min(mc_mspt_seconds_10_mean)
2025-06-11 13:49:33,14.12970759,min(mc_mspt_seconds_10_mean)
2025-06-11 13:49:34,14.52101757,min(mc_mspt_seconds_10_mean)
2025-06-11 13:49:35,14.46661656,min(mc_mspt_seconds_10_mean)
2025-06-11 13:49:36,14.54338659,min(mc_mspt_seconds_10_mean)
2025-06-11 13:49:37,14.789812635,min(mc_mspt_seconds_10_mean)
2025-06-11 13:49:38,15.511446855,min(mc_mspt_seconds_10_mean)
2025-06-11 13:49:39,15.88525869,min(mc_mspt_seconds_10_mean)
2025-06-11 13:49:40,16.888181405,min(mc_mspt_seconds_10_mean)
2025-06-11 13:49:41,17.444205475,min(mc_mspt_seconds_10_mean)
2025-06-11 13:49:42,17.99132525,min(mc_mspt_seconds_10_mean)
2025-06-11 13:49:43,18.130131645,min(mc_mspt_seconds_10_mean)
2025-06-11 13:49:44,18.38560846,min(mc_mspt_seconds_10_mean)
2025-06-11 13:49:45,18.59625519,min(mc_mspt_seconds_10_mean)
2025-06-11 13:49:46,18.39111097,min(mc_mspt_seconds_10_mean)
2025-06-11 13:49:47,18.27300055,min(mc_mspt_seconds_10_mean)
2025-06-11 13:49:48,17.980199185,min(mc_mspt_seconds_10_mean)
2025-06-11 13:49:49,17.944167535,min(mc_mspt_seconds_10_mean)
2025-06-11 13:49:50,17.70515504,min(mc_mspt_seconds_10_mean)
2025-06-11 13:49:51,17.677958825,min(mc_mspt_seconds_10_mean)
2025-06-11 13:49:52,17.18811264,min(mc_mspt_seconds_10_mean)
2025-06-11 13:49:53,17.276880595,min(mc_mspt_seconds_10_mean)
2025-06-11 13:49:54,16.97923955,min(mc_mspt_seconds_10_mean)
2025-06-11 13:49:55,17.136217,min(mc_mspt_seconds_10_mean)
2025-06-11 13:49:56,17.138862305,min(mc_mspt_seconds_10_mean)
2025-06-11 13:49:57,17.361128,min(mc_mspt_seconds_10_mean)
2025-06-11 13:49:58,17.471456085,min(mc_mspt_seconds_10_mean)
2025-06-11 13:49:59,17.458691635,min(mc_mspt_seconds_10_mean)
2025-06-11 13:50:00,17.07976615,min(mc_mspt_seconds_10_mean)
2025-06-11 13:50:01,17.041025545,min(mc_mspt_seconds_10_mean)
2025-06-11 13:50:02,17.507878745,min(mc_mspt_seconds_10_mean)
2025-06-11 13:50:03,17.65467947,min(mc_mspt_seconds_10_mean)
2025-06-11 13:50:04,17.678214325,min(mc_mspt_seconds_10_mean)
2025-06-11 13:50:05,17.739990095,min(mc_mspt_seconds_10_mean)
2025-06-11 13:50:06,17.76740563,min(mc_mspt_seconds_10_mean)
2025-06-11 13:50:07,17.87345596,min(mc_mspt_seconds_10_mean)
2025-06-11 13:50:08,17.695354355,min(mc_mspt_seconds_10_mean)
2025-06-11 13:50:09,17.548964085,min(mc_mspt_seconds_10_mean)
2025-06-11 13:50:10,17.412692455,min(mc_mspt_seconds_10_mean)
2025-06-11 13:50:11,17.355649285,min(mc_mspt_seconds_10_mean)
2025-06-11 13:50:12,17.11359338,min(mc_mspt_seconds_10_mean)
2025-06-11 13:50:13,17.002873805,min(mc_mspt_seconds_10_mean)
2025-06-11 13:50:14,17.00830699,min(mc_mspt_seconds_10_mean)
2025-06-11 13:50:15,16.886097975,min(mc_mspt_seconds_10_mean)
2025-06-11 13:50:16,16.935012315,min(mc_mspt_seconds_10_mean)
2025-06-11 13:50:17,16.83838663,min(mc_mspt_seconds_10_mean)
2025-06-11 13:50:18,17.137417435,min(mc_mspt_seconds_10_mean)
2025-06-11 13:50:19,17.29584578,min(mc_mspt_seconds_10_mean)
2025-06-11 13:50:20,17.53626423,min(mc_mspt_seconds_10_mean)
2025-06-11 13:50:21,17.19885875,min(mc_mspt_seconds_10_mean)
