timestamp,value,metric,app,bot_name,instance,job,namespace,pod_template_hash,source,target
2025-06-19 12:55:35.529999970,0.005,server_latency,minecraft-bot-compute2,minecraft-bot-compute2-6cdd7c79cb-hngkc,10.244.75.246:9090,minecraft-bot,multipaper,6cdd7c79cb,multipaper-server-5d4c584f66-c66gm ,multipaper-server-5d4c584f66-c66gm 
2025-06-19 12:55:36.529999970,0.005,server_latency,minecraft-bot-compute2,minecraft-bot-compute2-6cdd7c79cb-hngkc,10.244.75.246:9090,minecraft-bot,multipaper,6cdd7c79cb,multipaper-server-5d4c584f66-c66gm ,multipaper-server-5d4c584f66-c66gm 
2025-06-19 12:55:37.529999970,0.005,server_latency,minecraft-bot-compute2,minecraft-bot-compute2-6cdd7c79cb-hngkc,10.244.75.246:9090,minecraft-bot,multipaper,6cdd7c79cb,multipaper-server-5d4c584f66-c66gm ,multipaper-server-5d4c584f66-c66gm 
2025-06-19 12:55:38.529999970,0.009,server_latency,minecraft-bot-compute2,minecraft-bot-compute2-6cdd7c79cb-hngkc,10.244.75.246:9090,minecraft-bot,multipaper,6cdd7c79cb,multipaper-server-5d4c584f66-c66gm ,multipaper-server-5d4c584f66-c66gm 
2025-06-19 12:55:39.529999970,0.004,server_latency,minecraft-bot-compute2,minecraft-bot-compute2-6cdd7c79cb-hngkc,10.244.75.246:9090,minecraft-bot,multipaper,6cdd7c79cb,multipaper-server-5d4c584f66-c66gm ,multipaper-server-5d4c584f66-c66gm 
2025-06-19 12:55:40.529999970,0.006,server_latency,minecraft-bot-compute2,minecraft-bot-compute2-6cdd7c79cb-hngkc,10.244.75.246:9090,minecraft-bot,multipaper,6cdd7c79cb,multipaper-server-5d4c584f66-c66gm ,multipaper-server-5d4c584f66-c66gm 
2025-06-19 12:55:41.529999970,0.005,server_latency,minecraft-bot-compute2,minecraft-bot-compute2-6cdd7c79cb-hngkc,10.244.75.246:9090,minecraft-bot,multipaper,6cdd7c79cb,multipaper-server-5d4c584f66-c66gm ,multipaper-server-5d4c584f66-c66gm 
2025-06-19 12:55:42.529999970,0.006,server_latency,minecraft-bot-compute2,minecraft-bot-compute2-6cdd7c79cb-hngkc,10.244.75.246:9090,minecraft-bot,multipaper,6cdd7c79cb,multipaper-server-5d4c584f66-c66gm ,multipaper-server-5d4c584f66-c66gm 
2025-06-19 12:55:43.529999970,0.006,server_latency,minecraft-bot-compute2,minecraft-bot-compute2-6cdd7c79cb-hngkc,10.244.75.246:9090,minecraft-bot,multipaper,6cdd7c79cb,multipaper-server-5d4c584f66-c66gm ,multipaper-server-5d4c584f66-c66gm 
2025-06-19 12:55:44.529999970,0.005,server_latency,minecraft-bot-compute2,minecraft-bot-compute2-6cdd7c79cb-hngkc,10.244.75.246:9090,minecraft-bot,multipaper,6cdd7c79cb,multipaper-server-5d4c584f66-c66gm ,multipaper-server-5d4c584f66-c66gm 
2025-06-19 12:55:45.529999970,0.005,server_latency,minecraft-bot-compute2,minecraft-bot-compute2-6cdd7c79cb-hngkc,10.244.75.246:9090,minecraft-bot,multipaper,6cdd7c79cb,multipaper-server-5d4c584f66-c66gm ,multipaper-server-5d4c584f66-c66gm 
2025-06-19 12:55:46.529999970,0.005,server_latency,minecraft-bot-compute2,minecraft-bot-compute2-6cdd7c79cb-hngkc,10.244.75.246:9090,minecraft-bot,multipaper,6cdd7c79cb,multipaper-server-5d4c584f66-c66gm ,multipaper-server-5d4c584f66-c66gm 
2025-06-19 12:55:47.529999970,0.006,server_latency,minecraft-bot-compute2,minecraft-bot-compute2-6cdd7c79cb-hngkc,10.244.75.246:9090,minecraft-bot,multipaper,6cdd7c79cb,multipaper-server-5d4c584f66-c66gm ,multipaper-server-5d4c584f66-c66gm 
2025-06-19 12:55:48.529999970,0.005,server_latency,minecraft-bot-compute2,minecraft-bot-compute2-6cdd7c79cb-hngkc,10.244.75.246:9090,minecraft-bot,multipaper,6cdd7c79cb,multipaper-server-5d4c584f66-c66gm ,multipaper-server-5d4c584f66-c66gm 
2025-06-19 12:55:49.529999970,0.006,server_latency,minecraft-bot-compute2,minecraft-bot-compute2-6cdd7c79cb-hngkc,10.244.75.246:9090,minecraft-bot,multipaper,6cdd7c79cb,multipaper-server-5d4c584f66-c66gm ,multipaper-server-5d4c584f66-c66gm 
2025-06-19 12:55:50.529999970,0.006,server_latency,minecraft-bot-compute2,minecraft-bot-compute2-6cdd7c79cb-hngkc,10.244.75.246:9090,minecraft-bot,multipaper,6cdd7c79cb,multipaper-server-5d4c584f66-c66gm ,multipaper-server-5d4c584f66-c66gm 
2025-06-19 12:55:51.529999970,0.005,server_latency,minecraft-bot-compute2,minecraft-bot-compute2-6cdd7c79cb-hngkc,10.244.75.246:9090,minecraft-bot,multipaper,6cdd7c79cb,multipaper-server-5d4c584f66-c66gm ,multipaper-server-5d4c584f66-c66gm 
2025-06-19 12:55:52.529999970,0.008,server_latency,minecraft-bot-compute2,minecraft-bot-compute2-6cdd7c79cb-hngkc,10.244.75.246:9090,minecraft-bot,multipaper,6cdd7c79cb,multipaper-server-5d4c584f66-c66gm ,multipaper-server-5d4c584f66-c66gm 
2025-06-19 12:55:53.529999970,0.005,server_latency,minecraft-bot-compute2,minecraft-bot-compute2-6cdd7c79cb-hngkc,10.244.75.246:9090,minecraft-bot,multipaper,6cdd7c79cb,multipaper-server-5d4c584f66-c66gm ,multipaper-server-5d4c584f66-c66gm 
2025-06-19 12:55:54.529999970,0.005,server_latency,minecraft-bot-compute2,minecraft-bot-compute2-6cdd7c79cb-hngkc,10.244.75.246:9090,minecraft-bot,multipaper,6cdd7c79cb,multipaper-server-5d4c584f66-c66gm ,multipaper-server-5d4c584f66-c66gm 
2025-06-19 12:55:55.529999970,0.005,server_latency,minecraft-bot-compute2,minecraft-bot-compute2-6cdd7c79cb-hngkc,10.244.75.246:9090,minecraft-bot,multipaper,6cdd7c79cb,multipaper-server-5d4c584f66-c66gm ,multipaper-server-5d4c584f66-c66gm 
2025-06-19 12:55:56.529999970,0.006,server_latency,minecraft-bot-compute2,minecraft-bot-compute2-6cdd7c79cb-hngkc,10.244.75.246:9090,minecraft-bot,multipaper,6cdd7c79cb,multipaper-server-5d4c584f66-c66gm ,multipaper-server-5d4c584f66-c66gm 
2025-06-19 12:55:57.529999970,0.005,server_latency,minecraft-bot-compute2,minecraft-bot-compute2-6cdd7c79cb-hngkc,10.244.75.246:9090,minecraft-bot,multipaper,6cdd7c79cb,multipaper-server-5d4c584f66-c66gm ,multipaper-server-5d4c584f66-c66gm 
2025-06-19 12:55:58.529999970,0.006,server_latency,minecraft-bot-compute2,minecraft-bot-compute2-6cdd7c79cb-hngkc,10.244.75.246:9090,minecraft-bot,multipaper,6cdd7c79cb,multipaper-server-5d4c584f66-c66gm ,multipaper-server-5d4c584f66-c66gm 
2025-06-19 12:55:59.529999970,0.005,server_latency,minecraft-bot-compute2,minecraft-bot-compute2-6cdd7c79cb-hngkc,10.244.75.246:9090,minecraft-bot,multipaper,6cdd7c79cb,multipaper-server-5d4c584f66-c66gm ,multipaper-server-5d4c584f66-c66gm 
2025-06-19 12:56:00.529999970,0.005,server_latency,minecraft-bot-compute2,minecraft-bot-compute2-6cdd7c79cb-hngkc,10.244.75.246:9090,minecraft-bot,multipaper,6cdd7c79cb,multipaper-server-5d4c584f66-c66gm ,multipaper-server-5d4c584f66-c66gm 
2025-06-19 12:56:01.529999970,0.006,server_latency,minecraft-bot-compute2,minecraft-bot-compute2-6cdd7c79cb-hngkc,10.244.75.246:9090,minecraft-bot,multipaper,6cdd7c79cb,multipaper-server-5d4c584f66-c66gm ,multipaper-server-5d4c584f66-c66gm 
2025-06-19 12:56:02.529999970,0.005,server_latency,minecraft-bot-compute2,minecraft-bot-compute2-6cdd7c79cb-hngkc,10.244.75.246:9090,minecraft-bot,multipaper,6cdd7c79cb,multipaper-server-5d4c584f66-c66gm ,multipaper-server-5d4c584f66-c66gm 
2025-06-19 12:56:03.529999970,0.006,server_latency,minecraft-bot-compute2,minecraft-bot-compute2-6cdd7c79cb-hngkc,10.244.75.246:9090,minecraft-bot,multipaper,6cdd7c79cb,multipaper-server-5d4c584f66-c66gm ,multipaper-server-5d4c584f66-c66gm 
2025-06-19 12:56:04.529999970,0.005,server_latency,minecraft-bot-compute2,minecraft-bot-compute2-6cdd7c79cb-hngkc,10.244.75.246:9090,minecraft-bot,multipaper,6cdd7c79cb,multipaper-server-5d4c584f66-c66gm ,multipaper-server-5d4c584f66-c66gm 
2025-06-19 12:56:05.529999970,0.006,server_latency,minecraft-bot-compute2,minecraft-bot-compute2-6cdd7c79cb-hngkc,10.244.75.246:9090,minecraft-bot,multipaper,6cdd7c79cb,multipaper-server-5d4c584f66-c66gm ,multipaper-server-5d4c584f66-c66gm 
2025-06-19 12:56:06.529999970,0.005,server_latency,minecraft-bot-compute2,minecraft-bot-compute2-6cdd7c79cb-hngkc,10.244.75.246:9090,minecraft-bot,multipaper,6cdd7c79cb,multipaper-server-5d4c584f66-c66gm ,multipaper-server-5d4c584f66-c66gm 
2025-06-19 12:56:07.529999970,0.005,server_latency,minecraft-bot-compute2,minecraft-bot-compute2-6cdd7c79cb-hngkc,10.244.75.246:9090,minecraft-bot,multipaper,6cdd7c79cb,multipaper-server-5d4c584f66-c66gm ,multipaper-server-5d4c584f66-c66gm 
2025-06-19 12:56:08.529999970,0.005,server_latency,minecraft-bot-compute2,minecraft-bot-compute2-6cdd7c79cb-hngkc,10.244.75.246:9090,minecraft-bot,multipaper,6cdd7c79cb,multipaper-server-5d4c584f66-c66gm ,multipaper-server-5d4c584f66-c66gm 
2025-06-19 12:56:09.529999970,0.018,server_latency,minecraft-bot-compute2,minecraft-bot-compute2-6cdd7c79cb-hngkc,10.244.75.246:9090,minecraft-bot,multipaper,6cdd7c79cb,multipaper-server-5d4c584f66-c66gm ,multipaper-server-5d4c584f66-c66gm 
2025-06-19 12:56:10.529999970,0.007,server_latency,minecraft-bot-compute2,minecraft-bot-compute2-6cdd7c79cb-hngkc,10.244.75.246:9090,minecraft-bot,multipaper,6cdd7c79cb,multipaper-server-5d4c584f66-c66gm ,multipaper-server-5d4c584f66-c66gm 
2025-06-19 12:56:11.529999970,0.006,server_latency,minecraft-bot-compute2,minecraft-bot-compute2-6cdd7c79cb-hngkc,10.244.75.246:9090,minecraft-bot,multipaper,6cdd7c79cb,multipaper-server-5d4c584f66-c66gm ,multipaper-server-5d4c584f66-c66gm 
2025-06-19 12:56:12.529999970,0.005,server_latency,minecraft-bot-compute2,minecraft-bot-compute2-6cdd7c79cb-hngkc,10.244.75.246:9090,minecraft-bot,multipaper,6cdd7c79cb,multipaper-server-5d4c584f66-c66gm ,multipaper-server-5d4c584f66-c66gm 
2025-06-19 12:56:13.529999970,0.005,server_latency,minecraft-bot-compute2,minecraft-bot-compute2-6cdd7c79cb-hngkc,10.244.75.246:9090,minecraft-bot,multipaper,6cdd7c79cb,multipaper-server-5d4c584f66-c66gm ,multipaper-server-5d4c584f66-c66gm 
2025-06-19 12:56:14.529999970,0.005,server_latency,minecraft-bot-compute2,minecraft-bot-compute2-6cdd7c79cb-hngkc,10.244.75.246:9090,minecraft-bot,multipaper,6cdd7c79cb,multipaper-server-5d4c584f66-c66gm ,multipaper-server-5d4c584f66-c66gm 
2025-06-19 12:56:15.529999970,0.006,server_latency,minecraft-bot-compute2,minecraft-bot-compute2-6cdd7c79cb-hngkc,10.244.75.246:9090,minecraft-bot,multipaper,6cdd7c79cb,multipaper-server-5d4c584f66-c66gm ,multipaper-server-5d4c584f66-c66gm 
2025-06-19 12:56:16.529999970,0.006,server_latency,minecraft-bot-compute2,minecraft-bot-compute2-6cdd7c79cb-hngkc,10.244.75.246:9090,minecraft-bot,multipaper,6cdd7c79cb,multipaper-server-5d4c584f66-c66gm ,multipaper-server-5d4c584f66-c66gm 
2025-06-19 12:56:17.529999970,0.005,server_latency,minecraft-bot-compute2,minecraft-bot-compute2-6cdd7c79cb-hngkc,10.244.75.246:9090,minecraft-bot,multipaper,6cdd7c79cb,multipaper-server-5d4c584f66-c66gm ,multipaper-server-5d4c584f66-c66gm 
2025-06-19 12:56:18.529999970,0.005,server_latency,minecraft-bot-compute2,minecraft-bot-compute2-6cdd7c79cb-hngkc,10.244.75.246:9090,minecraft-bot,multipaper,6cdd7c79cb,multipaper-server-5d4c584f66-c66gm ,multipaper-server-5d4c584f66-c66gm 
2025-06-19 12:56:19.529999970,0.004,server_latency,minecraft-bot-compute2,minecraft-bot-compute2-6cdd7c79cb-hngkc,10.244.75.246:9090,minecraft-bot,multipaper,6cdd7c79cb,multipaper-server-5d4c584f66-c66gm ,multipaper-server-5d4c584f66-c66gm 
2025-06-19 12:56:20.529999970,0.004,server_latency,minecraft-bot-compute2,minecraft-bot-compute2-6cdd7c79cb-hngkc,10.244.75.246:9090,minecraft-bot,multipaper,6cdd7c79cb,multipaper-server-5d4c584f66-c66gm ,multipaper-server-5d4c584f66-c66gm 
2025-06-19 12:56:21.529999970,0.006,server_latency,minecraft-bot-compute2,minecraft-bot-compute2-6cdd7c79cb-hngkc,10.244.75.246:9090,minecraft-bot,multipaper,6cdd7c79cb,multipaper-server-5d4c584f66-c66gm ,multipaper-server-5d4c584f66-c66gm 
2025-06-19 12:56:22.529999970,0.005,server_latency,minecraft-bot-compute2,minecraft-bot-compute2-6cdd7c79cb-hngkc,10.244.75.246:9090,minecraft-bot,multipaper,6cdd7c79cb,multipaper-server-5d4c584f66-c66gm ,multipaper-server-5d4c584f66-c66gm 
2025-06-19 12:56:23.529999970,0.006,server_latency,minecraft-bot-compute2,minecraft-bot-compute2-6cdd7c79cb-hngkc,10.244.75.246:9090,minecraft-bot,multipaper,6cdd7c79cb,multipaper-server-5d4c584f66-c66gm ,multipaper-server-5d4c584f66-c66gm 
2025-06-19 12:56:24.529999970,0.005,server_latency,minecraft-bot-compute2,minecraft-bot-compute2-6cdd7c79cb-hngkc,10.244.75.246:9090,minecraft-bot,multipaper,6cdd7c79cb,multipaper-server-5d4c584f66-c66gm ,multipaper-server-5d4c584f66-c66gm 
2025-06-19 12:56:25.529999970,0.005,server_latency,minecraft-bot-compute2,minecraft-bot-compute2-6cdd7c79cb-hngkc,10.244.75.246:9090,minecraft-bot,multipaper,6cdd7c79cb,multipaper-server-5d4c584f66-c66gm ,multipaper-server-5d4c584f66-c66gm 
2025-06-19 12:56:26.529999970,0.004,server_latency,minecraft-bot-compute2,minecraft-bot-compute2-6cdd7c79cb-hngkc,10.244.75.246:9090,minecraft-bot,multipaper,6cdd7c79cb,multipaper-server-5d4c584f66-c66gm ,multipaper-server-5d4c584f66-c66gm 
2025-06-19 12:56:27.529999970,0.005,server_latency,minecraft-bot-compute2,minecraft-bot-compute2-6cdd7c79cb-hngkc,10.244.75.246:9090,minecraft-bot,multipaper,6cdd7c79cb,multipaper-server-5d4c584f66-c66gm ,multipaper-server-5d4c584f66-c66gm 
2025-06-19 12:56:28.529999970,0.006,server_latency,minecraft-bot-compute2,minecraft-bot-compute2-6cdd7c79cb-hngkc,10.244.75.246:9090,minecraft-bot,multipaper,6cdd7c79cb,multipaper-server-5d4c584f66-c66gm ,multipaper-server-5d4c584f66-c66gm 
2025-06-19 12:56:29.529999970,0.005,server_latency,minecraft-bot-compute2,minecraft-bot-compute2-6cdd7c79cb-hngkc,10.244.75.246:9090,minecraft-bot,multipaper,6cdd7c79cb,multipaper-server-5d4c584f66-c66gm ,multipaper-server-5d4c584f66-c66gm 
2025-06-19 12:56:30.529999970,0.006,server_latency,minecraft-bot-compute2,minecraft-bot-compute2-6cdd7c79cb-hngkc,10.244.75.246:9090,minecraft-bot,multipaper,6cdd7c79cb,multipaper-server-5d4c584f66-c66gm ,multipaper-server-5d4c584f66-c66gm 
2025-06-19 12:56:31.529999970,0.007,server_latency,minecraft-bot-compute2,minecraft-bot-compute2-6cdd7c79cb-hngkc,10.244.75.246:9090,minecraft-bot,multipaper,6cdd7c79cb,multipaper-server-5d4c584f66-c66gm ,multipaper-server-5d4c584f66-c66gm 
2025-06-19 12:56:32.529999970,0.006,server_latency,minecraft-bot-compute2,minecraft-bot-compute2-6cdd7c79cb-hngkc,10.244.75.246:9090,minecraft-bot,multipaper,6cdd7c79cb,multipaper-server-5d4c584f66-c66gm ,multipaper-server-5d4c584f66-c66gm 
2025-06-19 12:56:33.529999970,0.005,server_latency,minecraft-bot-compute2,minecraft-bot-compute2-6cdd7c79cb-hngkc,10.244.75.246:9090,minecraft-bot,multipaper,6cdd7c79cb,multipaper-server-5d4c584f66-c66gm ,multipaper-server-5d4c584f66-c66gm 
2025-06-19 12:56:34.529999970,0.005,server_latency,minecraft-bot-compute2,minecraft-bot-compute2-6cdd7c79cb-hngkc,10.244.75.246:9090,minecraft-bot,multipaper,6cdd7c79cb,multipaper-server-5d4c584f66-c66gm ,multipaper-server-5d4c584f66-c66gm 
2025-06-19 12:56:35.529999970,0.005,server_latency,minecraft-bot-compute2,minecraft-bot-compute2-6cdd7c79cb-hngkc,10.244.75.246:9090,minecraft-bot,multipaper,6cdd7c79cb,multipaper-server-5d4c584f66-c66gm ,multipaper-server-5d4c584f66-c66gm 
2025-06-19 12:56:36.529999970,0.006,server_latency,minecraft-bot-compute2,minecraft-bot-compute2-6cdd7c79cb-hngkc,10.244.75.246:9090,minecraft-bot,multipaper,6cdd7c79cb,multipaper-server-5d4c584f66-c66gm ,multipaper-server-5d4c584f66-c66gm 
2025-06-19 12:56:37.529999970,0.005,server_latency,minecraft-bot-compute2,minecraft-bot-compute2-6cdd7c79cb-hngkc,10.244.75.246:9090,minecraft-bot,multipaper,6cdd7c79cb,multipaper-server-5d4c584f66-c66gm ,multipaper-server-5d4c584f66-c66gm 
2025-06-19 12:56:38.529999970,0.006,server_latency,minecraft-bot-compute2,minecraft-bot-compute2-6cdd7c79cb-hngkc,10.244.75.246:9090,minecraft-bot,multipaper,6cdd7c79cb,multipaper-server-5d4c584f66-c66gm ,multipaper-server-5d4c584f66-c66gm 
2025-06-19 12:56:39.529999970,0.006,server_latency,minecraft-bot-compute2,minecraft-bot-compute2-6cdd7c79cb-hngkc,10.244.75.246:9090,minecraft-bot,multipaper,6cdd7c79cb,multipaper-server-5d4c584f66-c66gm ,multipaper-server-5d4c584f66-c66gm 
2025-06-19 12:56:40.529999970,0.006,server_latency,minecraft-bot-compute2,minecraft-bot-compute2-6cdd7c79cb-hngkc,10.244.75.246:9090,minecraft-bot,multipaper,6cdd7c79cb,multipaper-server-5d4c584f66-c66gm ,multipaper-server-5d4c584f66-c66gm 
2025-06-19 12:56:41.529999970,0.005,server_latency,minecraft-bot-compute2,minecraft-bot-compute2-6cdd7c79cb-hngkc,10.244.75.246:9090,minecraft-bot,multipaper,6cdd7c79cb,multipaper-server-5d4c584f66-c66gm ,multipaper-server-5d4c584f66-c66gm 
2025-06-19 12:56:42.529999970,0.006,server_latency,minecraft-bot-compute2,minecraft-bot-compute2-6cdd7c79cb-hngkc,10.244.75.246:9090,minecraft-bot,multipaper,6cdd7c79cb,multipaper-server-5d4c584f66-c66gm ,multipaper-server-5d4c584f66-c66gm 
2025-06-19 12:56:43.529999970,0.014,server_latency,minecraft-bot-compute2,minecraft-bot-compute2-6cdd7c79cb-hngkc,10.244.75.246:9090,minecraft-bot,multipaper,6cdd7c79cb,multipaper-server-5d4c584f66-c66gm ,multipaper-server-5d4c584f66-c66gm 
2025-06-19 12:56:44.529999970,0.006,server_latency,minecraft-bot-compute2,minecraft-bot-compute2-6cdd7c79cb-hngkc,10.244.75.246:9090,minecraft-bot,multipaper,6cdd7c79cb,multipaper-server-5d4c584f66-c66gm ,multipaper-server-5d4c584f66-c66gm 
2025-06-19 12:56:45.529999970,0.006,server_latency,minecraft-bot-compute2,minecraft-bot-compute2-6cdd7c79cb-hngkc,10.244.75.246:9090,minecraft-bot,multipaper,6cdd7c79cb,multipaper-server-5d4c584f66-c66gm ,multipaper-server-5d4c584f66-c66gm 
2025-06-19 12:56:46.529999970,0.005,server_latency,minecraft-bot-compute2,minecraft-bot-compute2-6cdd7c79cb-hngkc,10.244.75.246:9090,minecraft-bot,multipaper,6cdd7c79cb,multipaper-server-5d4c584f66-c66gm ,multipaper-server-5d4c584f66-c66gm 
2025-06-19 12:56:47.529999970,0.005,server_latency,minecraft-bot-compute2,minecraft-bot-compute2-6cdd7c79cb-hngkc,10.244.75.246:9090,minecraft-bot,multipaper,6cdd7c79cb,multipaper-server-5d4c584f66-c66gm ,multipaper-server-5d4c584f66-c66gm 
2025-06-19 12:56:48.529999970,0.006,server_latency,minecraft-bot-compute2,minecraft-bot-compute2-6cdd7c79cb-hngkc,10.244.75.246:9090,minecraft-bot,multipaper,6cdd7c79cb,multipaper-server-5d4c584f66-c66gm ,multipaper-server-5d4c584f66-c66gm 
2025-06-19 12:56:49.529999970,0.004,server_latency,minecraft-bot-compute2,minecraft-bot-compute2-6cdd7c79cb-hngkc,10.244.75.246:9090,minecraft-bot,multipaper,6cdd7c79cb,multipaper-server-5d4c584f66-c66gm ,multipaper-server-5d4c584f66-c66gm 
2025-06-19 12:56:50.529999970,0.005,server_latency,minecraft-bot-compute2,minecraft-bot-compute2-6cdd7c79cb-hngkc,10.244.75.246:9090,minecraft-bot,multipaper,6cdd7c79cb,multipaper-server-5d4c584f66-c66gm ,multipaper-server-5d4c584f66-c66gm 
2025-06-19 12:56:51.529999970,0.005,server_latency,minecraft-bot-compute2,minecraft-bot-compute2-6cdd7c79cb-hngkc,10.244.75.246:9090,minecraft-bot,multipaper,6cdd7c79cb,multipaper-server-5d4c584f66-c66gm ,multipaper-server-5d4c584f66-c66gm 
2025-06-19 12:56:52.529999970,0.005,server_latency,minecraft-bot-compute2,minecraft-bot-compute2-6cdd7c79cb-hngkc,10.244.75.246:9090,minecraft-bot,multipaper,6cdd7c79cb,multipaper-server-5d4c584f66-c66gm ,multipaper-server-5d4c584f66-c66gm 
2025-06-19 12:56:53.529999970,0.005,server_latency,minecraft-bot-compute2,minecraft-bot-compute2-6cdd7c79cb-hngkc,10.244.75.246:9090,minecraft-bot,multipaper,6cdd7c79cb,multipaper-server-5d4c584f66-c66gm ,multipaper-server-5d4c584f66-c66gm 
2025-06-19 12:56:54.529999970,0.005,server_latency,minecraft-bot-compute2,minecraft-bot-compute2-6cdd7c79cb-hngkc,10.244.75.246:9090,minecraft-bot,multipaper,6cdd7c79cb,multipaper-server-5d4c584f66-c66gm ,multipaper-server-5d4c584f66-c66gm 
2025-06-19 12:56:55.529999970,0.005,server_latency,minecraft-bot-compute2,minecraft-bot-compute2-6cdd7c79cb-hngkc,10.244.75.246:9090,minecraft-bot,multipaper,6cdd7c79cb,multipaper-server-5d4c584f66-c66gm ,multipaper-server-5d4c584f66-c66gm 
2025-06-19 12:56:56.529999970,0.004,server_latency,minecraft-bot-compute2,minecraft-bot-compute2-6cdd7c79cb-hngkc,10.244.75.246:9090,minecraft-bot,multipaper,6cdd7c79cb,multipaper-server-5d4c584f66-c66gm ,multipaper-server-5d4c584f66-c66gm 
2025-06-19 12:56:57.529999970,0.006,server_latency,minecraft-bot-compute2,minecraft-bot-compute2-6cdd7c79cb-hngkc,10.244.75.246:9090,minecraft-bot,multipaper,6cdd7c79cb,multipaper-server-5d4c584f66-c66gm ,multipaper-server-5d4c584f66-c66gm 
2025-06-19 12:56:58.529999970,0.005,server_latency,minecraft-bot-compute2,minecraft-bot-compute2-6cdd7c79cb-hngkc,10.244.75.246:9090,minecraft-bot,multipaper,6cdd7c79cb,multipaper-server-5d4c584f66-c66gm ,multipaper-server-5d4c584f66-c66gm 
2025-06-19 12:56:59.529999970,0.005,server_latency,minecraft-bot-compute2,minecraft-bot-compute2-6cdd7c79cb-hngkc,10.244.75.246:9090,minecraft-bot,multipaper,6cdd7c79cb,multipaper-server-5d4c584f66-c66gm ,multipaper-server-5d4c584f66-c66gm 
2025-06-19 12:57:00.529999970,0.004,server_latency,minecraft-bot-compute2,minecraft-bot-compute2-6cdd7c79cb-hngkc,10.244.75.246:9090,minecraft-bot,multipaper,6cdd7c79cb,multipaper-server-5d4c584f66-c66gm ,multipaper-server-5d4c584f66-c66gm 
2025-06-19 12:57:01.529999970,0.005,server_latency,minecraft-bot-compute2,minecraft-bot-compute2-6cdd7c79cb-hngkc,10.244.75.246:9090,minecraft-bot,multipaper,6cdd7c79cb,multipaper-server-5d4c584f66-c66gm ,multipaper-server-5d4c584f66-c66gm 
2025-06-19 12:57:02.529999970,0.006,server_latency,minecraft-bot-compute2,minecraft-bot-compute2-6cdd7c79cb-hngkc,10.244.75.246:9090,minecraft-bot,multipaper,6cdd7c79cb,multipaper-server-5d4c584f66-c66gm ,multipaper-server-5d4c584f66-c66gm 
2025-06-19 12:57:03.529999970,0.005,server_latency,minecraft-bot-compute2,minecraft-bot-compute2-6cdd7c79cb-hngkc,10.244.75.246:9090,minecraft-bot,multipaper,6cdd7c79cb,multipaper-server-5d4c584f66-c66gm ,multipaper-server-5d4c584f66-c66gm 
2025-06-19 12:57:04.529999970,0.005,server_latency,minecraft-bot-compute2,minecraft-bot-compute2-6cdd7c79cb-hngkc,10.244.75.246:9090,minecraft-bot,multipaper,6cdd7c79cb,multipaper-server-5d4c584f66-c66gm ,multipaper-server-5d4c584f66-c66gm 
2025-06-19 12:57:05.529999970,0.006,server_latency,minecraft-bot-compute2,minecraft-bot-compute2-6cdd7c79cb-hngkc,10.244.75.246:9090,minecraft-bot,multipaper,6cdd7c79cb,multipaper-server-5d4c584f66-c66gm ,multipaper-server-5d4c584f66-c66gm 
2025-06-19 12:57:06.529999970,0.006,server_latency,minecraft-bot-compute2,minecraft-bot-compute2-6cdd7c79cb-hngkc,10.244.75.246:9090,minecraft-bot,multipaper,6cdd7c79cb,multipaper-server-5d4c584f66-c66gm ,multipaper-server-5d4c584f66-c66gm 
2025-06-19 12:57:07.529999970,0.005,server_latency,minecraft-bot-compute2,minecraft-bot-compute2-6cdd7c79cb-hngkc,10.244.75.246:9090,minecraft-bot,multipaper,6cdd7c79cb,multipaper-server-5d4c584f66-c66gm ,multipaper-server-5d4c584f66-c66gm 
2025-06-19 12:57:08.529999970,0.005,server_latency,minecraft-bot-compute2,minecraft-bot-compute2-6cdd7c79cb-hngkc,10.244.75.246:9090,minecraft-bot,multipaper,6cdd7c79cb,multipaper-server-5d4c584f66-c66gm ,multipaper-server-5d4c584f66-c66gm 
2025-06-19 12:57:09.529999970,0.004,server_latency,minecraft-bot-compute2,minecraft-bot-compute2-6cdd7c79cb-hngkc,10.244.75.246:9090,minecraft-bot,multipaper,6cdd7c79cb,multipaper-server-5d4c584f66-c66gm ,multipaper-server-5d4c584f66-c66gm 
2025-06-19 12:57:10.529999970,0.005,server_latency,minecraft-bot-compute2,minecraft-bot-compute2-6cdd7c79cb-hngkc,10.244.75.246:9090,minecraft-bot,multipaper,6cdd7c79cb,multipaper-server-5d4c584f66-c66gm ,multipaper-server-5d4c584f66-c66gm 
2025-06-19 12:57:11.529999970,0.005,server_latency,minecraft-bot-compute2,minecraft-bot-compute2-6cdd7c79cb-hngkc,10.244.75.246:9090,minecraft-bot,multipaper,6cdd7c79cb,multipaper-server-5d4c584f66-c66gm ,multipaper-server-5d4c584f66-c66gm 
2025-06-19 12:57:12.529999970,0.005,server_latency,minecraft-bot-compute2,minecraft-bot-compute2-6cdd7c79cb-hngkc,10.244.75.246:9090,minecraft-bot,multipaper,6cdd7c79cb,multipaper-server-5d4c584f66-c66gm ,multipaper-server-5d4c584f66-c66gm 
2025-06-19 12:57:13.529999970,0.005,server_latency,minecraft-bot-compute2,minecraft-bot-compute2-6cdd7c79cb-hngkc,10.244.75.246:9090,minecraft-bot,multipaper,6cdd7c79cb,multipaper-server-5d4c584f66-c66gm ,multipaper-server-5d4c584f66-c66gm 
2025-06-19 12:57:14.529999970,0.004,server_latency,minecraft-bot-compute2,minecraft-bot-compute2-6cdd7c79cb-hngkc,10.244.75.246:9090,minecraft-bot,multipaper,6cdd7c79cb,multipaper-server-5d4c584f66-c66gm ,multipaper-server-5d4c584f66-c66gm 
2025-06-19 12:57:15.529999970,0.005,server_latency,minecraft-bot-compute2,minecraft-bot-compute2-6cdd7c79cb-hngkc,10.244.75.246:9090,minecraft-bot,multipaper,6cdd7c79cb,multipaper-server-5d4c584f66-c66gm ,multipaper-server-5d4c584f66-c66gm 
2025-06-19 12:57:16.529999970,0.004,server_latency,minecraft-bot-compute2,minecraft-bot-compute2-6cdd7c79cb-hngkc,10.244.75.246:9090,minecraft-bot,multipaper,6cdd7c79cb,multipaper-server-5d4c584f66-c66gm ,multipaper-server-5d4c584f66-c66gm 
2025-06-19 12:57:17.529999970,0.006,server_latency,minecraft-bot-compute2,minecraft-bot-compute2-6cdd7c79cb-hngkc,10.244.75.246:9090,minecraft-bot,multipaper,6cdd7c79cb,multipaper-server-5d4c584f66-c66gm ,multipaper-server-5d4c584f66-c66gm 
2025-06-19 12:57:18.529999970,0.004,server_latency,minecraft-bot-compute2,minecraft-bot-compute2-6cdd7c79cb-hngkc,10.244.75.246:9090,minecraft-bot,multipaper,6cdd7c79cb,multipaper-server-5d4c584f66-c66gm ,multipaper-server-5d4c584f66-c66gm 
2025-06-19 12:57:19.529999970,0.005,server_latency,minecraft-bot-compute2,minecraft-bot-compute2-6cdd7c79cb-hngkc,10.244.75.246:9090,minecraft-bot,multipaper,6cdd7c79cb,multipaper-server-5d4c584f66-c66gm ,multipaper-server-5d4c584f66-c66gm 
2025-06-19 12:57:20.529999970,0.005,server_latency,minecraft-bot-compute2,minecraft-bot-compute2-6cdd7c79cb-hngkc,10.244.75.246:9090,minecraft-bot,multipaper,6cdd7c79cb,multipaper-server-5d4c584f66-c66gm ,multipaper-server-5d4c584f66-c66gm 
2025-06-19 12:57:21.529999970,0.006,server_latency,minecraft-bot-compute2,minecraft-bot-compute2-6cdd7c79cb-hngkc,10.244.75.246:9090,minecraft-bot,multipaper,6cdd7c79cb,multipaper-server-5d4c584f66-c66gm ,multipaper-server-5d4c584f66-c66gm 
2025-06-19 12:57:22.529999970,0.005,server_latency,minecraft-bot-compute2,minecraft-bot-compute2-6cdd7c79cb-hngkc,10.244.75.246:9090,minecraft-bot,multipaper,6cdd7c79cb,multipaper-server-5d4c584f66-c66gm ,multipaper-server-5d4c584f66-c66gm 
2025-06-19 12:57:23.529999970,0.005,server_latency,minecraft-bot-compute2,minecraft-bot-compute2-6cdd7c79cb-hngkc,10.244.75.246:9090,minecraft-bot,multipaper,6cdd7c79cb,multipaper-server-5d4c584f66-c66gm ,multipaper-server-5d4c584f66-c66gm 
2025-06-19 12:57:24.529999970,0.006,server_latency,minecraft-bot-compute2,minecraft-bot-compute2-6cdd7c79cb-hngkc,10.244.75.246:9090,minecraft-bot,multipaper,6cdd7c79cb,multipaper-server-5d4c584f66-c66gm ,multipaper-server-5d4c584f66-c66gm 
2025-06-19 12:57:25.529999970,0.006,server_latency,minecraft-bot-compute2,minecraft-bot-compute2-6cdd7c79cb-hngkc,10.244.75.246:9090,minecraft-bot,multipaper,6cdd7c79cb,multipaper-server-5d4c584f66-c66gm ,multipaper-server-5d4c584f66-c66gm 
2025-06-19 12:57:26.529999970,0.006,server_latency,minecraft-bot-compute2,minecraft-bot-compute2-6cdd7c79cb-hngkc,10.244.75.246:9090,minecraft-bot,multipaper,6cdd7c79cb,multipaper-server-5d4c584f66-c66gm ,multipaper-server-5d4c584f66-c66gm 
2025-06-19 12:57:27.529999970,0.005,server_latency,minecraft-bot-compute2,minecraft-bot-compute2-6cdd7c79cb-hngkc,10.244.75.246:9090,minecraft-bot,multipaper,6cdd7c79cb,multipaper-server-5d4c584f66-c66gm ,multipaper-server-5d4c584f66-c66gm 
2025-06-19 12:57:28.529999970,0.006,server_latency,minecraft-bot-compute2,minecraft-bot-compute2-6cdd7c79cb-hngkc,10.244.75.246:9090,minecraft-bot,multipaper,6cdd7c79cb,multipaper-server-5d4c584f66-c66gm ,multipaper-server-5d4c584f66-c66gm 
2025-06-19 12:57:29.529999970,0.004,server_latency,minecraft-bot-compute2,minecraft-bot-compute2-6cdd7c79cb-hngkc,10.244.75.246:9090,minecraft-bot,multipaper,6cdd7c79cb,multipaper-server-5d4c584f66-c66gm ,multipaper-server-5d4c584f66-c66gm 
2025-06-19 12:57:30.529999970,0.004,server_latency,minecraft-bot-compute2,minecraft-bot-compute2-6cdd7c79cb-hngkc,10.244.75.246:9090,minecraft-bot,multipaper,6cdd7c79cb,multipaper-server-5d4c584f66-c66gm ,multipaper-server-5d4c584f66-c66gm 
2025-06-19 12:57:31.529999970,0.005,server_latency,minecraft-bot-compute2,minecraft-bot-compute2-6cdd7c79cb-hngkc,10.244.75.246:9090,minecraft-bot,multipaper,6cdd7c79cb,multipaper-server-5d4c584f66-c66gm ,multipaper-server-5d4c584f66-c66gm 
2025-06-19 12:57:32.529999970,0.004,server_latency,minecraft-bot-compute2,minecraft-bot-compute2-6cdd7c79cb-hngkc,10.244.75.246:9090,minecraft-bot,multipaper,6cdd7c79cb,multipaper-server-5d4c584f66-c66gm ,multipaper-server-5d4c584f66-c66gm 
2025-06-19 12:57:33.529999970,0.005,server_latency,minecraft-bot-compute2,minecraft-bot-compute2-6cdd7c79cb-hngkc,10.244.75.246:9090,minecraft-bot,multipaper,6cdd7c79cb,multipaper-server-5d4c584f66-c66gm ,multipaper-server-5d4c584f66-c66gm 
2025-06-19 12:57:34.529999970,0.005,server_latency,minecraft-bot-compute2,minecraft-bot-compute2-6cdd7c79cb-hngkc,10.244.75.246:9090,minecraft-bot,multipaper,6cdd7c79cb,multipaper-server-5d4c584f66-c66gm ,multipaper-server-5d4c584f66-c66gm 
2025-06-19 12:57:35.529999970,0.004,server_latency,minecraft-bot-compute2,minecraft-bot-compute2-6cdd7c79cb-hngkc,10.244.75.246:9090,minecraft-bot,multipaper,6cdd7c79cb,multipaper-server-5d4c584f66-c66gm ,multipaper-server-5d4c584f66-c66gm 
2025-06-19 12:57:36.529999970,0.005,server_latency,minecraft-bot-compute2,minecraft-bot-compute2-6cdd7c79cb-hngkc,10.244.75.246:9090,minecraft-bot,multipaper,6cdd7c79cb,multipaper-server-5d4c584f66-c66gm ,multipaper-server-5d4c584f66-c66gm 
2025-06-19 12:57:37.529999970,0.004,server_latency,minecraft-bot-compute2,minecraft-bot-compute2-6cdd7c79cb-hngkc,10.244.75.246:9090,minecraft-bot,multipaper,6cdd7c79cb,multipaper-server-5d4c584f66-c66gm ,multipaper-server-5d4c584f66-c66gm 
2025-06-19 12:57:38.529999970,0.004,server_latency,minecraft-bot-compute2,minecraft-bot-compute2-6cdd7c79cb-hngkc,10.244.75.246:9090,minecraft-bot,multipaper,6cdd7c79cb,multipaper-server-5d4c584f66-c66gm ,multipaper-server-5d4c584f66-c66gm 
2025-06-19 12:57:39.529999970,0.004,server_latency,minecraft-bot-compute2,minecraft-bot-compute2-6cdd7c79cb-hngkc,10.244.75.246:9090,minecraft-bot,multipaper,6cdd7c79cb,multipaper-server-5d4c584f66-c66gm ,multipaper-server-5d4c584f66-c66gm 
2025-06-19 12:57:40.529999970,0.004,server_latency,minecraft-bot-compute2,minecraft-bot-compute2-6cdd7c79cb-hngkc,10.244.75.246:9090,minecraft-bot,multipaper,6cdd7c79cb,multipaper-server-5d4c584f66-c66gm ,multipaper-server-5d4c584f66-c66gm 
2025-06-19 12:57:41.529999970,0.005,server_latency,minecraft-bot-compute2,minecraft-bot-compute2-6cdd7c79cb-hngkc,10.244.75.246:9090,minecraft-bot,multipaper,6cdd7c79cb,multipaper-server-5d4c584f66-c66gm ,multipaper-server-5d4c584f66-c66gm 
2025-06-19 12:57:42.529999970,0.005,server_latency,minecraft-bot-compute2,minecraft-bot-compute2-6cdd7c79cb-hngkc,10.244.75.246:9090,minecraft-bot,multipaper,6cdd7c79cb,multipaper-server-5d4c584f66-c66gm ,multipaper-server-5d4c584f66-c66gm 
2025-06-19 12:57:43.529999970,0.012,server_latency,minecraft-bot-compute2,minecraft-bot-compute2-6cdd7c79cb-hngkc,10.244.75.246:9090,minecraft-bot,multipaper,6cdd7c79cb,multipaper-server-5d4c584f66-c66gm ,multipaper-server-5d4c584f66-c66gm 
2025-06-19 12:57:44.529999970,0.005,server_latency,minecraft-bot-compute2,minecraft-bot-compute2-6cdd7c79cb-hngkc,10.244.75.246:9090,minecraft-bot,multipaper,6cdd7c79cb,multipaper-server-5d4c584f66-c66gm ,multipaper-server-5d4c584f66-c66gm 
2025-06-19 12:57:45.529999970,0.005,server_latency,minecraft-bot-compute2,minecraft-bot-compute2-6cdd7c79cb-hngkc,10.244.75.246:9090,minecraft-bot,multipaper,6cdd7c79cb,multipaper-server-5d4c584f66-c66gm ,multipaper-server-5d4c584f66-c66gm 
2025-06-19 12:57:46.529999970,0.004,server_latency,minecraft-bot-compute2,minecraft-bot-compute2-6cdd7c79cb-hngkc,10.244.75.246:9090,minecraft-bot,multipaper,6cdd7c79cb,multipaper-server-5d4c584f66-c66gm ,multipaper-server-5d4c584f66-c66gm 
2025-06-19 12:57:47.529999970,0.004,server_latency,minecraft-bot-compute2,minecraft-bot-compute2-6cdd7c79cb-hngkc,10.244.75.246:9090,minecraft-bot,multipaper,6cdd7c79cb,multipaper-server-5d4c584f66-c66gm ,multipaper-server-5d4c584f66-c66gm 
2025-06-19 12:57:48.529999970,0.004,server_latency,minecraft-bot-compute2,minecraft-bot-compute2-6cdd7c79cb-hngkc,10.244.75.246:9090,minecraft-bot,multipaper,6cdd7c79cb,multipaper-server-5d4c584f66-c66gm ,multipaper-server-5d4c584f66-c66gm 
2025-06-19 12:57:49.529999970,0.005,server_latency,minecraft-bot-compute2,minecraft-bot-compute2-6cdd7c79cb-hngkc,10.244.75.246:9090,minecraft-bot,multipaper,6cdd7c79cb,multipaper-server-5d4c584f66-c66gm ,multipaper-server-5d4c584f66-c66gm 
2025-06-19 12:57:50.529999970,0.004,server_latency,minecraft-bot-compute2,minecraft-bot-compute2-6cdd7c79cb-hngkc,10.244.75.246:9090,minecraft-bot,multipaper,6cdd7c79cb,multipaper-server-5d4c584f66-c66gm ,multipaper-server-5d4c584f66-c66gm 
2025-06-19 12:57:51.529999970,0.004,server_latency,minecraft-bot-compute2,minecraft-bot-compute2-6cdd7c79cb-hngkc,10.244.75.246:9090,minecraft-bot,multipaper,6cdd7c79cb,multipaper-server-5d4c584f66-c66gm ,multipaper-server-5d4c584f66-c66gm 
2025-06-19 12:57:52.529999970,0.005,server_latency,minecraft-bot-compute2,minecraft-bot-compute2-6cdd7c79cb-hngkc,10.244.75.246:9090,minecraft-bot,multipaper,6cdd7c79cb,multipaper-server-5d4c584f66-c66gm ,multipaper-server-5d4c584f66-c66gm 
2025-06-19 12:57:53.529999970,0.005,server_latency,minecraft-bot-compute2,minecraft-bot-compute2-6cdd7c79cb-hngkc,10.244.75.246:9090,minecraft-bot,multipaper,6cdd7c79cb,multipaper-server-5d4c584f66-c66gm ,multipaper-server-5d4c584f66-c66gm 
2025-06-19 12:57:54.529999970,0.007,server_latency,minecraft-bot-compute2,minecraft-bot-compute2-6cdd7c79cb-hngkc,10.244.75.246:9090,minecraft-bot,multipaper,6cdd7c79cb,multipaper-server-5d4c584f66-c66gm ,multipaper-server-5d4c584f66-c66gm 
2025-06-19 12:57:55.529999970,0.007,server_latency,minecraft-bot-compute2,minecraft-bot-compute2-6cdd7c79cb-hngkc,10.244.75.246:9090,minecraft-bot,multipaper,6cdd7c79cb,multipaper-server-5d4c584f66-c66gm ,multipaper-server-5d4c584f66-c66gm 
2025-06-19 12:57:56.529999970,0.01,server_latency,minecraft-bot-compute2,minecraft-bot-compute2-6cdd7c79cb-hngkc,10.244.75.246:9090,minecraft-bot,multipaper,6cdd7c79cb,multipaper-server-5d4c584f66-c66gm ,multipaper-server-5d4c584f66-c66gm 
2025-06-19 12:57:57.529999970,0.007,server_latency,minecraft-bot-compute2,minecraft-bot-compute2-6cdd7c79cb-hngkc,10.244.75.246:9090,minecraft-bot,multipaper,6cdd7c79cb,multipaper-server-5d4c584f66-c66gm ,multipaper-server-5d4c584f66-c66gm 
2025-06-19 12:57:58.529999970,0.006,server_latency,minecraft-bot-compute2,minecraft-bot-compute2-6cdd7c79cb-hngkc,10.244.75.246:9090,minecraft-bot,multipaper,6cdd7c79cb,multipaper-server-5d4c584f66-c66gm ,multipaper-server-5d4c584f66-c66gm 
2025-06-19 12:57:59.529999970,0.007,server_latency,minecraft-bot-compute2,minecraft-bot-compute2-6cdd7c79cb-hngkc,10.244.75.246:9090,minecraft-bot,multipaper,6cdd7c79cb,multipaper-server-5d4c584f66-c66gm ,multipaper-server-5d4c584f66-c66gm 
2025-06-19 12:58:00.529999970,0.005,server_latency,minecraft-bot-compute2,minecraft-bot-compute2-6cdd7c79cb-hngkc,10.244.75.246:9090,minecraft-bot,multipaper,6cdd7c79cb,multipaper-server-5d4c584f66-c66gm ,multipaper-server-5d4c584f66-c66gm 
2025-06-19 12:58:01.529999970,0.006,server_latency,minecraft-bot-compute2,minecraft-bot-compute2-6cdd7c79cb-hngkc,10.244.75.246:9090,minecraft-bot,multipaper,6cdd7c79cb,multipaper-server-5d4c584f66-c66gm ,multipaper-server-5d4c584f66-c66gm 
2025-06-19 12:58:02.529999970,0.005,server_latency,minecraft-bot-compute2,minecraft-bot-compute2-6cdd7c79cb-hngkc,10.244.75.246:9090,minecraft-bot,multipaper,6cdd7c79cb,multipaper-server-5d4c584f66-c66gm ,multipaper-server-5d4c584f66-c66gm 
2025-06-19 12:58:03.529999970,0.005,server_latency,minecraft-bot-compute2,minecraft-bot-compute2-6cdd7c79cb-hngkc,10.244.75.246:9090,minecraft-bot,multipaper,6cdd7c79cb,multipaper-server-5d4c584f66-c66gm ,multipaper-server-5d4c584f66-c66gm 
2025-06-19 12:58:04.529999970,0.006,server_latency,minecraft-bot-compute2,minecraft-bot-compute2-6cdd7c79cb-hngkc,10.244.75.246:9090,minecraft-bot,multipaper,6cdd7c79cb,multipaper-server-5d4c584f66-c66gm ,multipaper-server-5d4c584f66-c66gm 
2025-06-19 12:58:05.529999970,0.005,server_latency,minecraft-bot-compute2,minecraft-bot-compute2-6cdd7c79cb-hngkc,10.244.75.246:9090,minecraft-bot,multipaper,6cdd7c79cb,multipaper-server-5d4c584f66-c66gm ,multipaper-server-5d4c584f66-c66gm 
2025-06-19 12:58:06.529999970,0.005,server_latency,minecraft-bot-compute2,minecraft-bot-compute2-6cdd7c79cb-hngkc,10.244.75.246:9090,minecraft-bot,multipaper,6cdd7c79cb,multipaper-server-5d4c584f66-c66gm ,multipaper-server-5d4c584f66-c66gm 
2025-06-19 12:58:07.529999970,0.006,server_latency,minecraft-bot-compute2,minecraft-bot-compute2-6cdd7c79cb-hngkc,10.244.75.246:9090,minecraft-bot,multipaper,6cdd7c79cb,multipaper-server-5d4c584f66-c66gm ,multipaper-server-5d4c584f66-c66gm 
2025-06-19 12:58:08.529999970,0.007,server_latency,minecraft-bot-compute2,minecraft-bot-compute2-6cdd7c79cb-hngkc,10.244.75.246:9090,minecraft-bot,multipaper,6cdd7c79cb,multipaper-server-5d4c584f66-c66gm ,multipaper-server-5d4c584f66-c66gm 
2025-06-19 12:58:09.529999970,0.004,server_latency,minecraft-bot-compute2,minecraft-bot-compute2-6cdd7c79cb-hngkc,10.244.75.246:9090,minecraft-bot,multipaper,6cdd7c79cb,multipaper-server-5d4c584f66-c66gm ,multipaper-server-5d4c584f66-c66gm 
2025-06-19 12:58:10.529999970,0.004,server_latency,minecraft-bot-compute2,minecraft-bot-compute2-6cdd7c79cb-hngkc,10.244.75.246:9090,minecraft-bot,multipaper,6cdd7c79cb,multipaper-server-5d4c584f66-c66gm ,multipaper-server-5d4c584f66-c66gm 
2025-06-19 12:58:11.529999970,0.005,server_latency,minecraft-bot-compute2,minecraft-bot-compute2-6cdd7c79cb-hngkc,10.244.75.246:9090,minecraft-bot,multipaper,6cdd7c79cb,multipaper-server-5d4c584f66-c66gm ,multipaper-server-5d4c584f66-c66gm 
2025-06-19 12:58:12.529999970,0.004,server_latency,minecraft-bot-compute2,minecraft-bot-compute2-6cdd7c79cb-hngkc,10.244.75.246:9090,minecraft-bot,multipaper,6cdd7c79cb,multipaper-server-5d4c584f66-c66gm ,multipaper-server-5d4c584f66-c66gm 
2025-06-19 12:58:13.529999970,0.007,server_latency,minecraft-bot-compute2,minecraft-bot-compute2-6cdd7c79cb-hngkc,10.244.75.246:9090,minecraft-bot,multipaper,6cdd7c79cb,multipaper-server-5d4c584f66-c66gm ,multipaper-server-5d4c584f66-c66gm 
2025-06-19 12:58:14.529999970,0.004,server_latency,minecraft-bot-compute2,minecraft-bot-compute2-6cdd7c79cb-hngkc,10.244.75.246:9090,minecraft-bot,multipaper,6cdd7c79cb,multipaper-server-5d4c584f66-c66gm ,multipaper-server-5d4c584f66-c66gm 
2025-06-19 12:58:15.529999970,0.005,server_latency,minecraft-bot-compute2,minecraft-bot-compute2-6cdd7c79cb-hngkc,10.244.75.246:9090,minecraft-bot,multipaper,6cdd7c79cb,multipaper-server-5d4c584f66-c66gm ,multipaper-server-5d4c584f66-c66gm 
2025-06-19 12:58:16.529999970,0.005,server_latency,minecraft-bot-compute2,minecraft-bot-compute2-6cdd7c79cb-hngkc,10.244.75.246:9090,minecraft-bot,multipaper,6cdd7c79cb,multipaper-server-5d4c584f66-c66gm ,multipaper-server-5d4c584f66-c66gm 
2025-06-19 12:58:17.529999970,0.005,server_latency,minecraft-bot-compute2,minecraft-bot-compute2-6cdd7c79cb-hngkc,10.244.75.246:9090,minecraft-bot,multipaper,6cdd7c79cb,multipaper-server-5d4c584f66-c66gm ,multipaper-server-5d4c584f66-c66gm 
2025-06-19 12:58:18.529999970,0.004,server_latency,minecraft-bot-compute2,minecraft-bot-compute2-6cdd7c79cb-hngkc,10.244.75.246:9090,minecraft-bot,multipaper,6cdd7c79cb,multipaper-server-5d4c584f66-c66gm ,multipaper-server-5d4c584f66-c66gm 
2025-06-19 12:58:19.529999970,0.005,server_latency,minecraft-bot-compute2,minecraft-bot-compute2-6cdd7c79cb-hngkc,10.244.75.246:9090,minecraft-bot,multipaper,6cdd7c79cb,multipaper-server-5d4c584f66-c66gm ,multipaper-server-5d4c584f66-c66gm 
2025-06-19 12:58:20.529999970,0.004,server_latency,minecraft-bot-compute2,minecraft-bot-compute2-6cdd7c79cb-hngkc,10.244.75.246:9090,minecraft-bot,multipaper,6cdd7c79cb,multipaper-server-5d4c584f66-c66gm ,multipaper-server-5d4c584f66-c66gm 
2025-06-19 12:58:21.529999970,0.005,server_latency,minecraft-bot-compute2,minecraft-bot-compute2-6cdd7c79cb-hngkc,10.244.75.246:9090,minecraft-bot,multipaper,6cdd7c79cb,multipaper-server-5d4c584f66-c66gm ,multipaper-server-5d4c584f66-c66gm 
2025-06-19 12:58:22.529999970,0.007,server_latency,minecraft-bot-compute2,minecraft-bot-compute2-6cdd7c79cb-hngkc,10.244.75.246:9090,minecraft-bot,multipaper,6cdd7c79cb,multipaper-server-5d4c584f66-c66gm ,multipaper-server-5d4c584f66-c66gm 
2025-06-19 12:58:23.529999970,0.005,server_latency,minecraft-bot-compute2,minecraft-bot-compute2-6cdd7c79cb-hngkc,10.244.75.246:9090,minecraft-bot,multipaper,6cdd7c79cb,multipaper-server-5d4c584f66-c66gm ,multipaper-server-5d4c584f66-c66gm 
2025-06-19 12:58:24.529999970,0.005,server_latency,minecraft-bot-compute2,minecraft-bot-compute2-6cdd7c79cb-hngkc,10.244.75.246:9090,minecraft-bot,multipaper,6cdd7c79cb,multipaper-server-5d4c584f66-c66gm ,multipaper-server-5d4c584f66-c66gm 
2025-06-19 12:58:25.529999970,0.004,server_latency,minecraft-bot-compute2,minecraft-bot-compute2-6cdd7c79cb-hngkc,10.244.75.246:9090,minecraft-bot,multipaper,6cdd7c79cb,multipaper-server-5d4c584f66-c66gm ,multipaper-server-5d4c584f66-c66gm 
2025-06-19 12:58:26.529999970,0.004,server_latency,minecraft-bot-compute2,minecraft-bot-compute2-6cdd7c79cb-hngkc,10.244.75.246:9090,minecraft-bot,multipaper,6cdd7c79cb,multipaper-server-5d4c584f66-c66gm ,multipaper-server-5d4c584f66-c66gm 
2025-06-19 12:58:27.529999970,0.004,server_latency,minecraft-bot-compute2,minecraft-bot-compute2-6cdd7c79cb-hngkc,10.244.75.246:9090,minecraft-bot,multipaper,6cdd7c79cb,multipaper-server-5d4c584f66-c66gm ,multipaper-server-5d4c584f66-c66gm 
2025-06-19 12:58:28.529999970,0.005,server_latency,minecraft-bot-compute2,minecraft-bot-compute2-6cdd7c79cb-hngkc,10.244.75.246:9090,minecraft-bot,multipaper,6cdd7c79cb,multipaper-server-5d4c584f66-c66gm ,multipaper-server-5d4c584f66-c66gm 
2025-06-19 12:58:29.529999970,0.005,server_latency,minecraft-bot-compute2,minecraft-bot-compute2-6cdd7c79cb-hngkc,10.244.75.246:9090,minecraft-bot,multipaper,6cdd7c79cb,multipaper-server-5d4c584f66-c66gm ,multipaper-server-5d4c584f66-c66gm 
2025-06-19 12:58:30.529999970,0.004,server_latency,minecraft-bot-compute2,minecraft-bot-compute2-6cdd7c79cb-hngkc,10.244.75.246:9090,minecraft-bot,multipaper,6cdd7c79cb,multipaper-server-5d4c584f66-c66gm ,multipaper-server-5d4c584f66-c66gm 
2025-06-19 12:58:31.529999970,0.005,server_latency,minecraft-bot-compute2,minecraft-bot-compute2-6cdd7c79cb-hngkc,10.244.75.246:9090,minecraft-bot,multipaper,6cdd7c79cb,multipaper-server-5d4c584f66-c66gm ,multipaper-server-5d4c584f66-c66gm 
2025-06-19 12:58:32.529999970,0.005,server_latency,minecraft-bot-compute2,minecraft-bot-compute2-6cdd7c79cb-hngkc,10.244.75.246:9090,minecraft-bot,multipaper,6cdd7c79cb,multipaper-server-5d4c584f66-c66gm ,multipaper-server-5d4c584f66-c66gm 
2025-06-19 12:58:33.529999970,0.004,server_latency,minecraft-bot-compute2,minecraft-bot-compute2-6cdd7c79cb-hngkc,10.244.75.246:9090,minecraft-bot,multipaper,6cdd7c79cb,multipaper-server-5d4c584f66-c66gm ,multipaper-server-5d4c584f66-c66gm 
2025-06-19 12:58:34.529999970,0.014,server_latency,minecraft-bot-compute2,minecraft-bot-compute2-6cdd7c79cb-hngkc,10.244.75.246:9090,minecraft-bot,multipaper,6cdd7c79cb,multipaper-server-5d4c584f66-c66gm ,multipaper-server-5d4c584f66-c66gm 
2025-06-19 12:58:35.529999970,0.006,server_latency,minecraft-bot-compute2,minecraft-bot-compute2-6cdd7c79cb-hngkc,10.244.75.246:9090,minecraft-bot,multipaper,6cdd7c79cb,multipaper-server-5d4c584f66-c66gm ,multipaper-server-5d4c584f66-c66gm 
2025-06-19 12:58:36.529999970,0.005,server_latency,minecraft-bot-compute2,minecraft-bot-compute2-6cdd7c79cb-hngkc,10.244.75.246:9090,minecraft-bot,multipaper,6cdd7c79cb,multipaper-server-5d4c584f66-c66gm ,multipaper-server-5d4c584f66-c66gm 
2025-06-19 12:58:37.529999970,0.005,server_latency,minecraft-bot-compute2,minecraft-bot-compute2-6cdd7c79cb-hngkc,10.244.75.246:9090,minecraft-bot,multipaper,6cdd7c79cb,multipaper-server-5d4c584f66-c66gm ,multipaper-server-5d4c584f66-c66gm 
2025-06-19 12:58:38.529999970,0.005,server_latency,minecraft-bot-compute2,minecraft-bot-compute2-6cdd7c79cb-hngkc,10.244.75.246:9090,minecraft-bot,multipaper,6cdd7c79cb,multipaper-server-5d4c584f66-c66gm ,multipaper-server-5d4c584f66-c66gm 
2025-06-19 12:58:39.529999970,0.005,server_latency,minecraft-bot-compute2,minecraft-bot-compute2-6cdd7c79cb-hngkc,10.244.75.246:9090,minecraft-bot,multipaper,6cdd7c79cb,multipaper-server-5d4c584f66-c66gm ,multipaper-server-5d4c584f66-c66gm 
2025-06-19 12:58:40.529999970,0.005,server_latency,minecraft-bot-compute2,minecraft-bot-compute2-6cdd7c79cb-hngkc,10.244.75.246:9090,minecraft-bot,multipaper,6cdd7c79cb,multipaper-server-5d4c584f66-c66gm ,multipaper-server-5d4c584f66-c66gm 
2025-06-19 12:58:41.529999970,0.004,server_latency,minecraft-bot-compute2,minecraft-bot-compute2-6cdd7c79cb-hngkc,10.244.75.246:9090,minecraft-bot,multipaper,6cdd7c79cb,multipaper-server-5d4c584f66-c66gm ,multipaper-server-5d4c584f66-c66gm 
2025-06-19 12:58:42.529999970,0.005,server_latency,minecraft-bot-compute2,minecraft-bot-compute2-6cdd7c79cb-hngkc,10.244.75.246:9090,minecraft-bot,multipaper,6cdd7c79cb,multipaper-server-5d4c584f66-c66gm ,multipaper-server-5d4c584f66-c66gm 
2025-06-19 12:58:43.529999970,0.004,server_latency,minecraft-bot-compute2,minecraft-bot-compute2-6cdd7c79cb-hngkc,10.244.75.246:9090,minecraft-bot,multipaper,6cdd7c79cb,multipaper-server-5d4c584f66-c66gm ,multipaper-server-5d4c584f66-c66gm 
2025-06-19 12:58:44.529999970,0.005,server_latency,minecraft-bot-compute2,minecraft-bot-compute2-6cdd7c79cb-hngkc,10.244.75.246:9090,minecraft-bot,multipaper,6cdd7c79cb,multipaper-server-5d4c584f66-c66gm ,multipaper-server-5d4c584f66-c66gm 
2025-06-19 12:58:45.529999970,0.005,server_latency,minecraft-bot-compute2,minecraft-bot-compute2-6cdd7c79cb-hngkc,10.244.75.246:9090,minecraft-bot,multipaper,6cdd7c79cb,multipaper-server-5d4c584f66-c66gm ,multipaper-server-5d4c584f66-c66gm 
2025-06-19 12:58:46.529999970,0.005,server_latency,minecraft-bot-compute2,minecraft-bot-compute2-6cdd7c79cb-hngkc,10.244.75.246:9090,minecraft-bot,multipaper,6cdd7c79cb,multipaper-server-5d4c584f66-c66gm ,multipaper-server-5d4c584f66-c66gm 
2025-06-19 12:58:47.529999970,0.005,server_latency,minecraft-bot-compute2,minecraft-bot-compute2-6cdd7c79cb-hngkc,10.244.75.246:9090,minecraft-bot,multipaper,6cdd7c79cb,multipaper-server-5d4c584f66-c66gm ,multipaper-server-5d4c584f66-c66gm 
2025-06-19 12:58:48.529999970,0.006,server_latency,minecraft-bot-compute2,minecraft-bot-compute2-6cdd7c79cb-hngkc,10.244.75.246:9090,minecraft-bot,multipaper,6cdd7c79cb,multipaper-server-5d4c584f66-c66gm ,multipaper-server-5d4c584f66-c66gm 
2025-06-19 12:58:49.529999970,0.007,server_latency,minecraft-bot-compute2,minecraft-bot-compute2-6cdd7c79cb-hngkc,10.244.75.246:9090,minecraft-bot,multipaper,6cdd7c79cb,multipaper-server-5d4c584f66-c66gm ,multipaper-server-5d4c584f66-c66gm 
2025-06-19 12:58:50.529999970,0.004,server_latency,minecraft-bot-compute2,minecraft-bot-compute2-6cdd7c79cb-hngkc,10.244.75.246:9090,minecraft-bot,multipaper,6cdd7c79cb,multipaper-server-5d4c584f66-c66gm ,multipaper-server-5d4c584f66-c66gm 
2025-06-19 12:58:51.529999970,0.006,server_latency,minecraft-bot-compute2,minecraft-bot-compute2-6cdd7c79cb-hngkc,10.244.75.246:9090,minecraft-bot,multipaper,6cdd7c79cb,multipaper-server-5d4c584f66-c66gm ,multipaper-server-5d4c584f66-c66gm 
2025-06-19 12:58:52.529999970,0.006,server_latency,minecraft-bot-compute2,minecraft-bot-compute2-6cdd7c79cb-hngkc,10.244.75.246:9090,minecraft-bot,multipaper,6cdd7c79cb,multipaper-server-5d4c584f66-c66gm ,multipaper-server-5d4c584f66-c66gm 
2025-06-19 12:58:53.529999970,0.005,server_latency,minecraft-bot-compute2,minecraft-bot-compute2-6cdd7c79cb-hngkc,10.244.75.246:9090,minecraft-bot,multipaper,6cdd7c79cb,multipaper-server-5d4c584f66-c66gm ,multipaper-server-5d4c584f66-c66gm 
2025-06-19 12:58:54.529999970,0.014,server_latency,minecraft-bot-compute2,minecraft-bot-compute2-6cdd7c79cb-hngkc,10.244.75.246:9090,minecraft-bot,multipaper,6cdd7c79cb,multipaper-server-5d4c584f66-c66gm ,multipaper-server-5d4c584f66-c66gm 
2025-06-19 12:58:55.529999970,0.004,server_latency,minecraft-bot-compute2,minecraft-bot-compute2-6cdd7c79cb-hngkc,10.244.75.246:9090,minecraft-bot,multipaper,6cdd7c79cb,multipaper-server-5d4c584f66-c66gm ,multipaper-server-5d4c584f66-c66gm 
2025-06-19 12:58:56.529999970,0.007,server_latency,minecraft-bot-compute2,minecraft-bot-compute2-6cdd7c79cb-hngkc,10.244.75.246:9090,minecraft-bot,multipaper,6cdd7c79cb,multipaper-server-5d4c584f66-c66gm ,multipaper-server-5d4c584f66-c66gm 
2025-06-19 12:58:57.529999970,0.007,server_latency,minecraft-bot-compute2,minecraft-bot-compute2-6cdd7c79cb-hngkc,10.244.75.246:9090,minecraft-bot,multipaper,6cdd7c79cb,multipaper-server-5d4c584f66-c66gm ,multipaper-server-5d4c584f66-c66gm 
2025-06-19 12:58:58.529999970,0.008,server_latency,minecraft-bot-compute2,minecraft-bot-compute2-6cdd7c79cb-hngkc,10.244.75.246:9090,minecraft-bot,multipaper,6cdd7c79cb,multipaper-server-5d4c584f66-c66gm ,multipaper-server-5d4c584f66-c66gm 
2025-06-19 12:58:59.529999970,0.007,server_latency,minecraft-bot-compute2,minecraft-bot-compute2-6cdd7c79cb-hngkc,10.244.75.246:9090,minecraft-bot,multipaper,6cdd7c79cb,multipaper-server-5d4c584f66-c66gm ,multipaper-server-5d4c584f66-c66gm 
2025-06-19 12:59:00.529999970,0.007,server_latency,minecraft-bot-compute2,minecraft-bot-compute2-6cdd7c79cb-hngkc,10.244.75.246:9090,minecraft-bot,multipaper,6cdd7c79cb,multipaper-server-5d4c584f66-c66gm ,multipaper-server-5d4c584f66-c66gm 
2025-06-19 12:59:01.529999970,0.006,server_latency,minecraft-bot-compute2,minecraft-bot-compute2-6cdd7c79cb-hngkc,10.244.75.246:9090,minecraft-bot,multipaper,6cdd7c79cb,multipaper-server-5d4c584f66-c66gm ,multipaper-server-5d4c584f66-c66gm 
2025-06-19 12:59:02.529999970,0.006,server_latency,minecraft-bot-compute2,minecraft-bot-compute2-6cdd7c79cb-hngkc,10.244.75.246:9090,minecraft-bot,multipaper,6cdd7c79cb,multipaper-server-5d4c584f66-c66gm ,multipaper-server-5d4c584f66-c66gm 
2025-06-19 12:59:03.529999970,0.007,server_latency,minecraft-bot-compute2,minecraft-bot-compute2-6cdd7c79cb-hngkc,10.244.75.246:9090,minecraft-bot,multipaper,6cdd7c79cb,multipaper-server-5d4c584f66-c66gm ,multipaper-server-5d4c584f66-c66gm 
2025-06-19 12:59:04.529999970,0.007,server_latency,minecraft-bot-compute2,minecraft-bot-compute2-6cdd7c79cb-hngkc,10.244.75.246:9090,minecraft-bot,multipaper,6cdd7c79cb,multipaper-server-5d4c584f66-c66gm ,multipaper-server-5d4c584f66-c66gm 
2025-06-19 12:59:05.529999970,0.008,server_latency,minecraft-bot-compute2,minecraft-bot-compute2-6cdd7c79cb-hngkc,10.244.75.246:9090,minecraft-bot,multipaper,6cdd7c79cb,multipaper-server-5d4c584f66-c66gm ,multipaper-server-5d4c584f66-c66gm 
2025-06-19 12:59:06.529999970,0.007,server_latency,minecraft-bot-compute2,minecraft-bot-compute2-6cdd7c79cb-hngkc,10.244.75.246:9090,minecraft-bot,multipaper,6cdd7c79cb,multipaper-server-5d4c584f66-c66gm ,multipaper-server-5d4c584f66-c66gm 
2025-06-19 12:59:07.529999970,0.007,server_latency,minecraft-bot-compute2,minecraft-bot-compute2-6cdd7c79cb-hngkc,10.244.75.246:9090,minecraft-bot,multipaper,6cdd7c79cb,multipaper-server-5d4c584f66-c66gm ,multipaper-server-5d4c584f66-c66gm 
2025-06-19 12:59:08.529999970,0.007,server_latency,minecraft-bot-compute2,minecraft-bot-compute2-6cdd7c79cb-hngkc,10.244.75.246:9090,minecraft-bot,multipaper,6cdd7c79cb,multipaper-server-5d4c584f66-c66gm ,multipaper-server-5d4c584f66-c66gm 
2025-06-19 12:59:09.529999970,0.007,server_latency,minecraft-bot-compute2,minecraft-bot-compute2-6cdd7c79cb-hngkc,10.244.75.246:9090,minecraft-bot,multipaper,6cdd7c79cb,multipaper-server-5d4c584f66-c66gm ,multipaper-server-5d4c584f66-c66gm 
2025-06-19 12:59:10.529999970,0.008,server_latency,minecraft-bot-compute2,minecraft-bot-compute2-6cdd7c79cb-hngkc,10.244.75.246:9090,minecraft-bot,multipaper,6cdd7c79cb,multipaper-server-5d4c584f66-c66gm ,multipaper-server-5d4c584f66-c66gm 
2025-06-19 12:59:11.529999970,0.007,server_latency,minecraft-bot-compute2,minecraft-bot-compute2-6cdd7c79cb-hngkc,10.244.75.246:9090,minecraft-bot,multipaper,6cdd7c79cb,multipaper-server-5d4c584f66-c66gm ,multipaper-server-5d4c584f66-c66gm 
2025-06-19 12:59:12.529999970,0.007,server_latency,minecraft-bot-compute2,minecraft-bot-compute2-6cdd7c79cb-hngkc,10.244.75.246:9090,minecraft-bot,multipaper,6cdd7c79cb,multipaper-server-5d4c584f66-c66gm ,multipaper-server-5d4c584f66-c66gm 
2025-06-19 12:59:13.529999970,0.007,server_latency,minecraft-bot-compute2,minecraft-bot-compute2-6cdd7c79cb-hngkc,10.244.75.246:9090,minecraft-bot,multipaper,6cdd7c79cb,multipaper-server-5d4c584f66-c66gm ,multipaper-server-5d4c584f66-c66gm 
2025-06-19 12:59:14.529999970,0.007,server_latency,minecraft-bot-compute2,minecraft-bot-compute2-6cdd7c79cb-hngkc,10.244.75.246:9090,minecraft-bot,multipaper,6cdd7c79cb,multipaper-server-5d4c584f66-c66gm ,multipaper-server-5d4c584f66-c66gm 
2025-06-19 12:59:15.529999970,0.007,server_latency,minecraft-bot-compute2,minecraft-bot-compute2-6cdd7c79cb-hngkc,10.244.75.246:9090,minecraft-bot,multipaper,6cdd7c79cb,multipaper-server-5d4c584f66-c66gm ,multipaper-server-5d4c584f66-c66gm 
2025-06-19 12:59:16.529999970,0.008,server_latency,minecraft-bot-compute2,minecraft-bot-compute2-6cdd7c79cb-hngkc,10.244.75.246:9090,minecraft-bot,multipaper,6cdd7c79cb,multipaper-server-5d4c584f66-c66gm ,multipaper-server-5d4c584f66-c66gm 
2025-06-19 12:59:17.529999970,0.007,server_latency,minecraft-bot-compute2,minecraft-bot-compute2-6cdd7c79cb-hngkc,10.244.75.246:9090,minecraft-bot,multipaper,6cdd7c79cb,multipaper-server-5d4c584f66-c66gm ,multipaper-server-5d4c584f66-c66gm 
2025-06-19 12:59:18.529999970,0.007,server_latency,minecraft-bot-compute2,minecraft-bot-compute2-6cdd7c79cb-hngkc,10.244.75.246:9090,minecraft-bot,multipaper,6cdd7c79cb,multipaper-server-5d4c584f66-c66gm ,multipaper-server-5d4c584f66-c66gm 
2025-06-19 12:59:19.529999970,0.005,server_latency,minecraft-bot-compute2,minecraft-bot-compute2-6cdd7c79cb-hngkc,10.244.75.246:9090,minecraft-bot,multipaper,6cdd7c79cb,multipaper-server-5d4c584f66-c66gm ,multipaper-server-5d4c584f66-c66gm 
2025-06-19 12:59:20.529999970,0.007,server_latency,minecraft-bot-compute2,minecraft-bot-compute2-6cdd7c79cb-hngkc,10.244.75.246:9090,minecraft-bot,multipaper,6cdd7c79cb,multipaper-server-5d4c584f66-c66gm ,multipaper-server-5d4c584f66-c66gm 
2025-06-19 12:59:21.529999970,0.006,server_latency,minecraft-bot-compute2,minecraft-bot-compute2-6cdd7c79cb-hngkc,10.244.75.246:9090,minecraft-bot,multipaper,6cdd7c79cb,multipaper-server-5d4c584f66-c66gm ,multipaper-server-5d4c584f66-c66gm 
2025-06-19 12:59:22.529999970,0.005,server_latency,minecraft-bot-compute2,minecraft-bot-compute2-6cdd7c79cb-hngkc,10.244.75.246:9090,minecraft-bot,multipaper,6cdd7c79cb,multipaper-server-5d4c584f66-c66gm ,multipaper-server-5d4c584f66-c66gm 
2025-06-19 12:59:23.529999970,0.005,server_latency,minecraft-bot-compute2,minecraft-bot-compute2-6cdd7c79cb-hngkc,10.244.75.246:9090,minecraft-bot,multipaper,6cdd7c79cb,multipaper-server-5d4c584f66-c66gm ,multipaper-server-5d4c584f66-c66gm 
2025-06-19 12:59:24.529999970,0.007,server_latency,minecraft-bot-compute2,minecraft-bot-compute2-6cdd7c79cb-hngkc,10.244.75.246:9090,minecraft-bot,multipaper,6cdd7c79cb,multipaper-server-5d4c584f66-c66gm ,multipaper-server-5d4c584f66-c66gm 
2025-06-19 12:59:25.529999970,0.004,server_latency,minecraft-bot-compute2,minecraft-bot-compute2-6cdd7c79cb-hngkc,10.244.75.246:9090,minecraft-bot,multipaper,6cdd7c79cb,multipaper-server-5d4c584f66-c66gm ,multipaper-server-5d4c584f66-c66gm 
2025-06-19 12:59:26.529999970,0.006,server_latency,minecraft-bot-compute2,minecraft-bot-compute2-6cdd7c79cb-hngkc,10.244.75.246:9090,minecraft-bot,multipaper,6cdd7c79cb,multipaper-server-5d4c584f66-c66gm ,multipaper-server-5d4c584f66-c66gm 
2025-06-19 12:59:27.529999970,0.007,server_latency,minecraft-bot-compute2,minecraft-bot-compute2-6cdd7c79cb-hngkc,10.244.75.246:9090,minecraft-bot,multipaper,6cdd7c79cb,multipaper-server-5d4c584f66-c66gm ,multipaper-server-5d4c584f66-c66gm 
2025-06-19 12:59:28.529999970,0.008,server_latency,minecraft-bot-compute2,minecraft-bot-compute2-6cdd7c79cb-hngkc,10.244.75.246:9090,minecraft-bot,multipaper,6cdd7c79cb,multipaper-server-5d4c584f66-c66gm ,multipaper-server-5d4c584f66-c66gm 
2025-06-19 12:59:29.529999970,0.005,server_latency,minecraft-bot-compute2,minecraft-bot-compute2-6cdd7c79cb-hngkc,10.244.75.246:9090,minecraft-bot,multipaper,6cdd7c79cb,multipaper-server-5d4c584f66-c66gm ,multipaper-server-5d4c584f66-c66gm 
2025-06-19 12:59:30.529999970,0.008,server_latency,minecraft-bot-compute2,minecraft-bot-compute2-6cdd7c79cb-hngkc,10.244.75.246:9090,minecraft-bot,multipaper,6cdd7c79cb,multipaper-server-5d4c584f66-c66gm ,multipaper-server-5d4c584f66-c66gm 
2025-06-19 12:59:31.529999970,0.008,server_latency,minecraft-bot-compute2,minecraft-bot-compute2-6cdd7c79cb-hngkc,10.244.75.246:9090,minecraft-bot,multipaper,6cdd7c79cb,multipaper-server-5d4c584f66-c66gm ,multipaper-server-5d4c584f66-c66gm 
2025-06-19 12:59:32.529999970,0.007,server_latency,minecraft-bot-compute2,minecraft-bot-compute2-6cdd7c79cb-hngkc,10.244.75.246:9090,minecraft-bot,multipaper,6cdd7c79cb,multipaper-server-5d4c584f66-c66gm ,multipaper-server-5d4c584f66-c66gm 
2025-06-19 12:59:33.529999970,0.007,server_latency,minecraft-bot-compute2,minecraft-bot-compute2-6cdd7c79cb-hngkc,10.244.75.246:9090,minecraft-bot,multipaper,6cdd7c79cb,multipaper-server-5d4c584f66-c66gm ,multipaper-server-5d4c584f66-c66gm 
2025-06-19 12:59:34.529999970,0.006,server_latency,minecraft-bot-compute2,minecraft-bot-compute2-6cdd7c79cb-hngkc,10.244.75.246:9090,minecraft-bot,multipaper,6cdd7c79cb,multipaper-server-5d4c584f66-c66gm ,multipaper-server-5d4c584f66-c66gm 
2025-06-19 12:59:35.529999970,0.006,server_latency,minecraft-bot-compute2,minecraft-bot-compute2-6cdd7c79cb-hngkc,10.244.75.246:9090,minecraft-bot,multipaper,6cdd7c79cb,multipaper-server-5d4c584f66-c66gm ,multipaper-server-5d4c584f66-c66gm 
2025-06-19 12:59:36.529999970,0.006,server_latency,minecraft-bot-compute2,minecraft-bot-compute2-6cdd7c79cb-hngkc,10.244.75.246:9090,minecraft-bot,multipaper,6cdd7c79cb,multipaper-server-5d4c584f66-c66gm ,multipaper-server-5d4c584f66-c66gm 
2025-06-19 12:59:37.529999970,0.007,server_latency,minecraft-bot-compute2,minecraft-bot-compute2-6cdd7c79cb-hngkc,10.244.75.246:9090,minecraft-bot,multipaper,6cdd7c79cb,multipaper-server-5d4c584f66-c66gm ,multipaper-server-5d4c584f66-c66gm 
2025-06-19 12:59:38.529999970,0.004,server_latency,minecraft-bot-compute2,minecraft-bot-compute2-6cdd7c79cb-hngkc,10.244.75.246:9090,minecraft-bot,multipaper,6cdd7c79cb,multipaper-server-5d4c584f66-c66gm ,multipaper-server-5d4c584f66-c66gm 
2025-06-19 12:59:39.529999970,0.005,server_latency,minecraft-bot-compute2,minecraft-bot-compute2-6cdd7c79cb-hngkc,10.244.75.246:9090,minecraft-bot,multipaper,6cdd7c79cb,multipaper-server-5d4c584f66-c66gm ,multipaper-server-5d4c584f66-c66gm 
2025-06-19 12:59:40.529999970,0.008,server_latency,minecraft-bot-compute2,minecraft-bot-compute2-6cdd7c79cb-hngkc,10.244.75.246:9090,minecraft-bot,multipaper,6cdd7c79cb,multipaper-server-5d4c584f66-c66gm ,multipaper-server-5d4c584f66-c66gm 
2025-06-19 12:59:41.529999970,0.008,server_latency,minecraft-bot-compute2,minecraft-bot-compute2-6cdd7c79cb-hngkc,10.244.75.246:9090,minecraft-bot,multipaper,6cdd7c79cb,multipaper-server-5d4c584f66-c66gm ,multipaper-server-5d4c584f66-c66gm 
2025-06-19 12:59:42.529999970,0.005,server_latency,minecraft-bot-compute2,minecraft-bot-compute2-6cdd7c79cb-hngkc,10.244.75.246:9090,minecraft-bot,multipaper,6cdd7c79cb,multipaper-server-5d4c584f66-c66gm ,multipaper-server-5d4c584f66-c66gm 
2025-06-19 12:59:43.529999970,0.006,server_latency,minecraft-bot-compute2,minecraft-bot-compute2-6cdd7c79cb-hngkc,10.244.75.246:9090,minecraft-bot,multipaper,6cdd7c79cb,multipaper-server-5d4c584f66-c66gm ,multipaper-server-5d4c584f66-c66gm 
2025-06-19 12:59:44.529999970,0.008,server_latency,minecraft-bot-compute2,minecraft-bot-compute2-6cdd7c79cb-hngkc,10.244.75.246:9090,minecraft-bot,multipaper,6cdd7c79cb,multipaper-server-5d4c584f66-c66gm ,multipaper-server-5d4c584f66-c66gm 
2025-06-19 12:59:45.529999970,0.008,server_latency,minecraft-bot-compute2,minecraft-bot-compute2-6cdd7c79cb-hngkc,10.244.75.246:9090,minecraft-bot,multipaper,6cdd7c79cb,multipaper-server-5d4c584f66-c66gm ,multipaper-server-5d4c584f66-c66gm 
2025-06-19 12:59:46.529999970,0.007,server_latency,minecraft-bot-compute2,minecraft-bot-compute2-6cdd7c79cb-hngkc,10.244.75.246:9090,minecraft-bot,multipaper,6cdd7c79cb,multipaper-server-5d4c584f66-c66gm ,multipaper-server-5d4c584f66-c66gm 
2025-06-19 12:59:47.529999970,0.005,server_latency,minecraft-bot-compute2,minecraft-bot-compute2-6cdd7c79cb-hngkc,10.244.75.246:9090,minecraft-bot,multipaper,6cdd7c79cb,multipaper-server-5d4c584f66-c66gm ,multipaper-server-5d4c584f66-c66gm 
2025-06-19 12:59:48.529999970,0.008,server_latency,minecraft-bot-compute2,minecraft-bot-compute2-6cdd7c79cb-hngkc,10.244.75.246:9090,minecraft-bot,multipaper,6cdd7c79cb,multipaper-server-5d4c584f66-c66gm ,multipaper-server-5d4c584f66-c66gm 
2025-06-19 12:59:49.529999970,0.008,server_latency,minecraft-bot-compute2,minecraft-bot-compute2-6cdd7c79cb-hngkc,10.244.75.246:9090,minecraft-bot,multipaper,6cdd7c79cb,multipaper-server-5d4c584f66-c66gm ,multipaper-server-5d4c584f66-c66gm 
2025-06-19 12:59:50.529999970,0.007,server_latency,minecraft-bot-compute2,minecraft-bot-compute2-6cdd7c79cb-hngkc,10.244.75.246:9090,minecraft-bot,multipaper,6cdd7c79cb,multipaper-server-5d4c584f66-c66gm ,multipaper-server-5d4c584f66-c66gm 
2025-06-19 12:59:51.529999970,0.004,server_latency,minecraft-bot-compute2,minecraft-bot-compute2-6cdd7c79cb-hngkc,10.244.75.246:9090,minecraft-bot,multipaper,6cdd7c79cb,multipaper-server-5d4c584f66-c66gm ,multipaper-server-5d4c584f66-c66gm 
2025-06-19 12:59:52.529999970,0.006,server_latency,minecraft-bot-compute2,minecraft-bot-compute2-6cdd7c79cb-hngkc,10.244.75.246:9090,minecraft-bot,multipaper,6cdd7c79cb,multipaper-server-5d4c584f66-c66gm ,multipaper-server-5d4c584f66-c66gm 
2025-06-19 12:59:53.529999970,0.007,server_latency,minecraft-bot-compute2,minecraft-bot-compute2-6cdd7c79cb-hngkc,10.244.75.246:9090,minecraft-bot,multipaper,6cdd7c79cb,multipaper-server-5d4c584f66-c66gm ,multipaper-server-5d4c584f66-c66gm 
2025-06-19 12:59:54.529999970,0.008,server_latency,minecraft-bot-compute2,minecraft-bot-compute2-6cdd7c79cb-hngkc,10.244.75.246:9090,minecraft-bot,multipaper,6cdd7c79cb,multipaper-server-5d4c584f66-c66gm ,multipaper-server-5d4c584f66-c66gm 
2025-06-19 12:59:55.529999970,0.007,server_latency,minecraft-bot-compute2,minecraft-bot-compute2-6cdd7c79cb-hngkc,10.244.75.246:9090,minecraft-bot,multipaper,6cdd7c79cb,multipaper-server-5d4c584f66-c66gm ,multipaper-server-5d4c584f66-c66gm 
2025-06-19 12:59:56.529999970,0.008,server_latency,minecraft-bot-compute2,minecraft-bot-compute2-6cdd7c79cb-hngkc,10.244.75.246:9090,minecraft-bot,multipaper,6cdd7c79cb,multipaper-server-5d4c584f66-c66gm ,multipaper-server-5d4c584f66-c66gm 
2025-06-19 12:59:57.529999970,0.008,server_latency,minecraft-bot-compute2,minecraft-bot-compute2-6cdd7c79cb-hngkc,10.244.75.246:9090,minecraft-bot,multipaper,6cdd7c79cb,multipaper-server-5d4c584f66-c66gm ,multipaper-server-5d4c584f66-c66gm 
2025-06-19 12:59:58.529999970,0.004,server_latency,minecraft-bot-compute2,minecraft-bot-compute2-6cdd7c79cb-hngkc,10.244.75.246:9090,minecraft-bot,multipaper,6cdd7c79cb,multipaper-server-5d4c584f66-c66gm ,multipaper-server-5d4c584f66-c66gm 
2025-06-19 12:59:59.529999970,0.004,server_latency,minecraft-bot-compute2,minecraft-bot-compute2-6cdd7c79cb-hngkc,10.244.75.246:9090,minecraft-bot,multipaper,6cdd7c79cb,multipaper-server-5d4c584f66-c66gm ,multipaper-server-5d4c584f66-c66gm 
2025-06-19 13:00:00.529999970,0.008,server_latency,minecraft-bot-compute2,minecraft-bot-compute2-6cdd7c79cb-hngkc,10.244.75.246:9090,minecraft-bot,multipaper,6cdd7c79cb,multipaper-server-5d4c584f66-c66gm ,multipaper-server-5d4c584f66-c66gm 
2025-06-19 13:00:01.529999970,0.007,server_latency,minecraft-bot-compute2,minecraft-bot-compute2-6cdd7c79cb-hngkc,10.244.75.246:9090,minecraft-bot,multipaper,6cdd7c79cb,multipaper-server-5d4c584f66-c66gm ,multipaper-server-5d4c584f66-c66gm 
2025-06-19 13:00:02.529999970,0.005,server_latency,minecraft-bot-compute2,minecraft-bot-compute2-6cdd7c79cb-hngkc,10.244.75.246:9090,minecraft-bot,multipaper,6cdd7c79cb,multipaper-server-5d4c584f66-c66gm ,multipaper-server-5d4c584f66-c66gm 
2025-06-19 13:00:03.529999970,0.005,server_latency,minecraft-bot-compute2,minecraft-bot-compute2-6cdd7c79cb-hngkc,10.244.75.246:9090,minecraft-bot,multipaper,6cdd7c79cb,multipaper-server-5d4c584f66-c66gm ,multipaper-server-5d4c584f66-c66gm 
2025-06-19 13:00:04.529999970,0.005,server_latency,minecraft-bot-compute2,minecraft-bot-compute2-6cdd7c79cb-hngkc,10.244.75.246:9090,minecraft-bot,multipaper,6cdd7c79cb,multipaper-server-5d4c584f66-c66gm ,multipaper-server-5d4c584f66-c66gm 
2025-06-19 13:00:05.529999970,0.004,server_latency,minecraft-bot-compute2,minecraft-bot-compute2-6cdd7c79cb-hngkc,10.244.75.246:9090,minecraft-bot,multipaper,6cdd7c79cb,multipaper-server-5d4c584f66-c66gm ,multipaper-server-5d4c584f66-c66gm 
2025-06-19 13:00:06.529999970,0.005,server_latency,minecraft-bot-compute2,minecraft-bot-compute2-6cdd7c79cb-hngkc,10.244.75.246:9090,minecraft-bot,multipaper,6cdd7c79cb,multipaper-server-5d4c584f66-c66gm ,multipaper-server-5d4c584f66-c66gm 
2025-06-19 13:00:07.529999970,0.004,server_latency,minecraft-bot-compute2,minecraft-bot-compute2-6cdd7c79cb-hngkc,10.244.75.246:9090,minecraft-bot,multipaper,6cdd7c79cb,multipaper-server-5d4c584f66-c66gm ,multipaper-server-5d4c584f66-c66gm 
2025-06-19 13:00:08.529999970,0.007,server_latency,minecraft-bot-compute2,minecraft-bot-compute2-6cdd7c79cb-hngkc,10.244.75.246:9090,minecraft-bot,multipaper,6cdd7c79cb,multipaper-server-5d4c584f66-c66gm ,multipaper-server-5d4c584f66-c66gm 
2025-06-19 13:00:09.529999970,0.006,server_latency,minecraft-bot-compute2,minecraft-bot-compute2-6cdd7c79cb-hngkc,10.244.75.246:9090,minecraft-bot,multipaper,6cdd7c79cb,multipaper-server-5d4c584f66-c66gm ,multipaper-server-5d4c584f66-c66gm 
2025-06-19 13:00:10.529999970,0.006,server_latency,minecraft-bot-compute2,minecraft-bot-compute2-6cdd7c79cb-hngkc,10.244.75.246:9090,minecraft-bot,multipaper,6cdd7c79cb,multipaper-server-5d4c584f66-c66gm ,multipaper-server-5d4c584f66-c66gm 
2025-06-19 13:00:11.529999970,0.004,server_latency,minecraft-bot-compute2,minecraft-bot-compute2-6cdd7c79cb-hngkc,10.244.75.246:9090,minecraft-bot,multipaper,6cdd7c79cb,multipaper-server-5d4c584f66-c66gm ,multipaper-server-5d4c584f66-c66gm 
2025-06-19 13:00:12.529999970,0.007,server_latency,minecraft-bot-compute2,minecraft-bot-compute2-6cdd7c79cb-hngkc,10.244.75.246:9090,minecraft-bot,multipaper,6cdd7c79cb,multipaper-server-5d4c584f66-c66gm ,multipaper-server-5d4c584f66-c66gm 
2025-06-19 13:00:13.529999970,0.006,server_latency,minecraft-bot-compute2,minecraft-bot-compute2-6cdd7c79cb-hngkc,10.244.75.246:9090,minecraft-bot,multipaper,6cdd7c79cb,multipaper-server-5d4c584f66-c66gm ,multipaper-server-5d4c584f66-c66gm 
2025-06-19 13:00:14.529999970,0.006,server_latency,minecraft-bot-compute2,minecraft-bot-compute2-6cdd7c79cb-hngkc,10.244.75.246:9090,minecraft-bot,multipaper,6cdd7c79cb,multipaper-server-5d4c584f66-c66gm ,multipaper-server-5d4c584f66-c66gm 
2025-06-19 13:00:15.529999970,0.005,server_latency,minecraft-bot-compute2,minecraft-bot-compute2-6cdd7c79cb-hngkc,10.244.75.246:9090,minecraft-bot,multipaper,6cdd7c79cb,multipaper-server-5d4c584f66-c66gm ,multipaper-server-5d4c584f66-c66gm 
2025-06-19 13:00:16.529999970,0.004,server_latency,minecraft-bot-compute2,minecraft-bot-compute2-6cdd7c79cb-hngkc,10.244.75.246:9090,minecraft-bot,multipaper,6cdd7c79cb,multipaper-server-5d4c584f66-c66gm ,multipaper-server-5d4c584f66-c66gm 
2025-06-19 13:00:17.529999970,0.005,server_latency,minecraft-bot-compute2,minecraft-bot-compute2-6cdd7c79cb-hngkc,10.244.75.246:9090,minecraft-bot,multipaper,6cdd7c79cb,multipaper-server-5d4c584f66-c66gm ,multipaper-server-5d4c584f66-c66gm 
2025-06-19 13:00:18.529999970,0.004,server_latency,minecraft-bot-compute2,minecraft-bot-compute2-6cdd7c79cb-hngkc,10.244.75.246:9090,minecraft-bot,multipaper,6cdd7c79cb,multipaper-server-5d4c584f66-c66gm ,multipaper-server-5d4c584f66-c66gm 
2025-06-19 13:00:19.529999970,0.004,server_latency,minecraft-bot-compute2,minecraft-bot-compute2-6cdd7c79cb-hngkc,10.244.75.246:9090,minecraft-bot,multipaper,6cdd7c79cb,multipaper-server-5d4c584f66-c66gm ,multipaper-server-5d4c584f66-c66gm 
2025-06-19 13:00:20.529999970,0.004,server_latency,minecraft-bot-compute2,minecraft-bot-compute2-6cdd7c79cb-hngkc,10.244.75.246:9090,minecraft-bot,multipaper,6cdd7c79cb,multipaper-server-5d4c584f66-c66gm ,multipaper-server-5d4c584f66-c66gm 
2025-06-19 13:00:21.529999970,0.004,server_latency,minecraft-bot-compute2,minecraft-bot-compute2-6cdd7c79cb-hngkc,10.244.75.246:9090,minecraft-bot,multipaper,6cdd7c79cb,multipaper-server-5d4c584f66-c66gm ,multipaper-server-5d4c584f66-c66gm 
2025-06-19 13:00:22.529999970,0.005,server_latency,minecraft-bot-compute2,minecraft-bot-compute2-6cdd7c79cb-hngkc,10.244.75.246:9090,minecraft-bot,multipaper,6cdd7c79cb,multipaper-server-5d4c584f66-c66gm ,multipaper-server-5d4c584f66-c66gm 
2025-06-19 13:00:23.529999970,0.008,server_latency,minecraft-bot-compute2,minecraft-bot-compute2-6cdd7c79cb-hngkc,10.244.75.246:9090,minecraft-bot,multipaper,6cdd7c79cb,multipaper-server-5d4c584f66-c66gm ,multipaper-server-5d4c584f66-c66gm 
2025-06-19 13:00:24.529999970,0.005,server_latency,minecraft-bot-compute2,minecraft-bot-compute2-6cdd7c79cb-hngkc,10.244.75.246:9090,minecraft-bot,multipaper,6cdd7c79cb,multipaper-server-5d4c584f66-c66gm ,multipaper-server-5d4c584f66-c66gm 
2025-06-19 13:00:25.529999970,0.005,server_latency,minecraft-bot-compute2,minecraft-bot-compute2-6cdd7c79cb-hngkc,10.244.75.246:9090,minecraft-bot,multipaper,6cdd7c79cb,multipaper-server-5d4c584f66-c66gm ,multipaper-server-5d4c584f66-c66gm 
2025-06-19 13:00:26.529999970,0.003,server_latency,minecraft-bot-compute2,minecraft-bot-compute2-6cdd7c79cb-hngkc,10.244.75.246:9090,minecraft-bot,multipaper,6cdd7c79cb,multipaper-server-5d4c584f66-c66gm ,multipaper-server-5d4c584f66-c66gm 
2025-06-19 13:00:27.529999970,0.004,server_latency,minecraft-bot-compute2,minecraft-bot-compute2-6cdd7c79cb-hngkc,10.244.75.246:9090,minecraft-bot,multipaper,6cdd7c79cb,multipaper-server-5d4c584f66-c66gm ,multipaper-server-5d4c584f66-c66gm 
2025-06-19 13:00:28.529999970,0.004,server_latency,minecraft-bot-compute2,minecraft-bot-compute2-6cdd7c79cb-hngkc,10.244.75.246:9090,minecraft-bot,multipaper,6cdd7c79cb,multipaper-server-5d4c584f66-c66gm ,multipaper-server-5d4c584f66-c66gm 
2025-06-19 13:00:29.529999970,0.004,server_latency,minecraft-bot-compute2,minecraft-bot-compute2-6cdd7c79cb-hngkc,10.244.75.246:9090,minecraft-bot,multipaper,6cdd7c79cb,multipaper-server-5d4c584f66-c66gm ,multipaper-server-5d4c584f66-c66gm 
2025-06-19 13:00:30.529999970,0.003,server_latency,minecraft-bot-compute2,minecraft-bot-compute2-6cdd7c79cb-hngkc,10.244.75.246:9090,minecraft-bot,multipaper,6cdd7c79cb,multipaper-server-5d4c584f66-c66gm ,multipaper-server-5d4c584f66-c66gm 
2025-06-19 13:00:31.529999970,0.005,server_latency,minecraft-bot-compute2,minecraft-bot-compute2-6cdd7c79cb-hngkc,10.244.75.246:9090,minecraft-bot,multipaper,6cdd7c79cb,multipaper-server-5d4c584f66-c66gm ,multipaper-server-5d4c584f66-c66gm 
2025-06-19 13:00:32.529999970,0.004,server_latency,minecraft-bot-compute2,minecraft-bot-compute2-6cdd7c79cb-hngkc,10.244.75.246:9090,minecraft-bot,multipaper,6cdd7c79cb,multipaper-server-5d4c584f66-c66gm ,multipaper-server-5d4c584f66-c66gm 
2025-06-19 13:00:33.529999970,0.005,server_latency,minecraft-bot-compute2,minecraft-bot-compute2-6cdd7c79cb-hngkc,10.244.75.246:9090,minecraft-bot,multipaper,6cdd7c79cb,multipaper-server-5d4c584f66-c66gm ,multipaper-server-5d4c584f66-c66gm 
2025-06-19 13:00:34.529999970,0.005,server_latency,minecraft-bot-compute2,minecraft-bot-compute2-6cdd7c79cb-hngkc,10.244.75.246:9090,minecraft-bot,multipaper,6cdd7c79cb,multipaper-server-5d4c584f66-c66gm ,multipaper-server-5d4c584f66-c66gm 
