timestamp,value,metric,container,id,image,instance,job,name,namespace,pod
2025-06-11 17:31:40.983000040,1733615616.0,container_memory_usage_bytes,multipaper-master-velocity,/kubepods.slice/kubepods-besteffort.slice/kubepods-besteffort-pod1af957e6_559f_4be5_952b_7730a314aef8.slice/cri-containerd-34e749c7fbe18459ef8883cc8cad5bf3325186ed0c8345ca7999f1080b2d0892.scope,docker.io/itzg/mc-proxy:latest,compute5,kubelet,34e749c7fbe18459ef8883cc8cad5bf3325186ed0c8345ca7999f1080b2d0892,multipaper,multipaper-master-velocity-6847fc75f8-rf9zr
2025-06-11 17:31:59.555999994,1733861376.0,container_memory_usage_bytes,multipaper-master-velocity,/kubepods.slice/kubepods-besteffort.slice/kubepods-besteffort-pod1af957e6_559f_4be5_952b_7730a314aef8.slice/cri-containerd-34e749c7fbe18459ef8883cc8cad5bf3325186ed0c8345ca7999f1080b2d0892.scope,docker.io/itzg/mc-proxy:latest,compute5,kubelet,34e749c7fbe18459ef8883cc8cad5bf3325186ed0c8345ca7999f1080b2d0892,multipaper,multipaper-master-velocity-6847fc75f8-rf9zr
2025-06-11 17:32:13.700000048,1734086656.0,container_memory_usage_bytes,multipaper-master-velocity,/kubepods.slice/kubepods-besteffort.slice/kubepods-besteffort-pod1af957e6_559f_4be5_952b_7730a314aef8.slice/cri-containerd-34e749c7fbe18459ef8883cc8cad5bf3325186ed0c8345ca7999f1080b2d0892.scope,docker.io/itzg/mc-proxy:latest,compute5,kubelet,34e749c7fbe18459ef8883cc8cad5bf3325186ed0c8345ca7999f1080b2d0892,multipaper,multipaper-master-velocity-6847fc75f8-rf9zr
2025-06-11 17:32:24.977999926,1734082560.0,container_memory_usage_bytes,multipaper-master-velocity,/kubepods.slice/kubepods-besteffort.slice/kubepods-besteffort-pod1af957e6_559f_4be5_952b_7730a314aef8.slice/cri-containerd-34e749c7fbe18459ef8883cc8cad5bf3325186ed0c8345ca7999f1080b2d0892.scope,docker.io/itzg/mc-proxy:latest,compute5,kubelet,34e749c7fbe18459ef8883cc8cad5bf3325186ed0c8345ca7999f1080b2d0892,multipaper,multipaper-master-velocity-6847fc75f8-rf9zr
2025-06-11 17:32:44.983999968,1734635520.0,container_memory_usage_bytes,multipaper-master-velocity,/kubepods.slice/kubepods-besteffort.slice/kubepods-besteffort-pod1af957e6_559f_4be5_952b_7730a314aef8.slice/cri-containerd-34e749c7fbe18459ef8883cc8cad5bf3325186ed0c8345ca7999f1080b2d0892.scope,docker.io/itzg/mc-proxy:latest,compute5,kubelet,34e749c7fbe18459ef8883cc8cad5bf3325186ed0c8345ca7999f1080b2d0892,multipaper,multipaper-master-velocity-6847fc75f8-rf9zr
2025-06-11 17:33:01.641999960,1734201344.0,container_memory_usage_bytes,multipaper-master-velocity,/kubepods.slice/kubepods-besteffort.slice/kubepods-besteffort-pod1af957e6_559f_4be5_952b_7730a314aef8.slice/cri-containerd-34e749c7fbe18459ef8883cc8cad5bf3325186ed0c8345ca7999f1080b2d0892.scope,docker.io/itzg/mc-proxy:latest,compute5,kubelet,34e749c7fbe18459ef8883cc8cad5bf3325186ed0c8345ca7999f1080b2d0892,multipaper,multipaper-master-velocity-6847fc75f8-rf9zr
2025-06-11 17:33:20.644000053,1746575360.0,container_memory_usage_bytes,multipaper-master-velocity,/kubepods.slice/kubepods-besteffort.slice/kubepods-besteffort-pod1af957e6_559f_4be5_952b_7730a314aef8.slice/cri-containerd-34e749c7fbe18459ef8883cc8cad5bf3325186ed0c8345ca7999f1080b2d0892.scope,docker.io/itzg/mc-proxy:latest,compute5,kubelet,34e749c7fbe18459ef8883cc8cad5bf3325186ed0c8345ca7999f1080b2d0892,multipaper,multipaper-master-velocity-6847fc75f8-rf9zr
2025-06-11 17:33:35.846999884,1747005440.0,container_memory_usage_bytes,multipaper-master-velocity,/kubepods.slice/kubepods-besteffort.slice/kubepods-besteffort-pod1af957e6_559f_4be5_952b_7730a314aef8.slice/cri-containerd-34e749c7fbe18459ef8883cc8cad5bf3325186ed0c8345ca7999f1080b2d0892.scope,docker.io/itzg/mc-proxy:latest,compute5,kubelet,34e749c7fbe18459ef8883cc8cad5bf3325186ed0c8345ca7999f1080b2d0892,multipaper,multipaper-master-velocity-6847fc75f8-rf9zr
2025-06-11 17:33:53.076999903,1752289280.0,container_memory_usage_bytes,multipaper-master-velocity,/kubepods.slice/kubepods-besteffort.slice/kubepods-besteffort-pod1af957e6_559f_4be5_952b_7730a314aef8.slice/cri-containerd-34e749c7fbe18459ef8883cc8cad5bf3325186ed0c8345ca7999f1080b2d0892.scope,docker.io/itzg/mc-proxy:latest,compute5,kubelet,34e749c7fbe18459ef8883cc8cad5bf3325186ed0c8345ca7999f1080b2d0892,multipaper,multipaper-master-velocity-6847fc75f8-rf9zr
2025-06-11 17:34:07.605999947,1751080960.0,container_memory_usage_bytes,multipaper-master-velocity,/kubepods.slice/kubepods-besteffort.slice/kubepods-besteffort-pod1af957e6_559f_4be5_952b_7730a314aef8.slice/cri-containerd-34e749c7fbe18459ef8883cc8cad5bf3325186ed0c8345ca7999f1080b2d0892.scope,docker.io/itzg/mc-proxy:latest,compute5,kubelet,34e749c7fbe18459ef8883cc8cad5bf3325186ed0c8345ca7999f1080b2d0892,multipaper,multipaper-master-velocity-6847fc75f8-rf9zr
2025-06-11 17:34:23.198999882,1752018944.0,container_memory_usage_bytes,multipaper-master-velocity,/kubepods.slice/kubepods-besteffort.slice/kubepods-besteffort-pod1af957e6_559f_4be5_952b_7730a314aef8.slice/cri-containerd-34e749c7fbe18459ef8883cc8cad5bf3325186ed0c8345ca7999f1080b2d0892.scope,docker.io/itzg/mc-proxy:latest,compute5,kubelet,34e749c7fbe18459ef8883cc8cad5bf3325186ed0c8345ca7999f1080b2d0892,multipaper,multipaper-master-velocity-6847fc75f8-rf9zr
2025-06-11 17:34:39.842999935,1755713536.0,container_memory_usage_bytes,multipaper-master-velocity,/kubepods.slice/kubepods-besteffort.slice/kubepods-besteffort-pod1af957e6_559f_4be5_952b_7730a314aef8.slice/cri-containerd-34e749c7fbe18459ef8883cc8cad5bf3325186ed0c8345ca7999f1080b2d0892.scope,docker.io/itzg/mc-proxy:latest,compute5,kubelet,34e749c7fbe18459ef8883cc8cad5bf3325186ed0c8345ca7999f1080b2d0892,multipaper,multipaper-master-velocity-6847fc75f8-rf9zr
2025-06-11 17:34:50.312000036,1759428608.0,container_memory_usage_bytes,multipaper-master-velocity,/kubepods.slice/kubepods-besteffort.slice/kubepods-besteffort-pod1af957e6_559f_4be5_952b_7730a314aef8.slice/cri-containerd-34e749c7fbe18459ef8883cc8cad5bf3325186ed0c8345ca7999f1080b2d0892.scope,docker.io/itzg/mc-proxy:latest,compute5,kubelet,34e749c7fbe18459ef8883cc8cad5bf3325186ed0c8345ca7999f1080b2d0892,multipaper,multipaper-master-velocity-6847fc75f8-rf9zr
2025-06-11 17:35:09.398000002,1759633408.0,container_memory_usage_bytes,multipaper-master-velocity,/kubepods.slice/kubepods-besteffort.slice/kubepods-besteffort-pod1af957e6_559f_4be5_952b_7730a314aef8.slice/cri-containerd-34e749c7fbe18459ef8883cc8cad5bf3325186ed0c8345ca7999f1080b2d0892.scope,docker.io/itzg/mc-proxy:latest,compute5,kubelet,34e749c7fbe18459ef8883cc8cad5bf3325186ed0c8345ca7999f1080b2d0892,multipaper,multipaper-master-velocity-6847fc75f8-rf9zr
2025-06-11 17:35:26.716000080,1763647488.0,container_memory_usage_bytes,multipaper-master-velocity,/kubepods.slice/kubepods-besteffort.slice/kubepods-besteffort-pod1af957e6_559f_4be5_952b_7730a314aef8.slice/cri-containerd-34e749c7fbe18459ef8883cc8cad5bf3325186ed0c8345ca7999f1080b2d0892.scope,docker.io/itzg/mc-proxy:latest,compute5,kubelet,34e749c7fbe18459ef8883cc8cad5bf3325186ed0c8345ca7999f1080b2d0892,multipaper,multipaper-master-velocity-6847fc75f8-rf9zr
2025-06-11 17:35:46.375000000,1764737024.0,container_memory_usage_bytes,multipaper-master-velocity,/kubepods.slice/kubepods-besteffort.slice/kubepods-besteffort-pod1af957e6_559f_4be5_952b_7730a314aef8.slice/cri-containerd-34e749c7fbe18459ef8883cc8cad5bf3325186ed0c8345ca7999f1080b2d0892.scope,docker.io/itzg/mc-proxy:latest,compute5,kubelet,34e749c7fbe18459ef8883cc8cad5bf3325186ed0c8345ca7999f1080b2d0892,multipaper,multipaper-master-velocity-6847fc75f8-rf9zr
2025-06-11 17:35:59.098999977,1764192256.0,container_memory_usage_bytes,multipaper-master-velocity,/kubepods.slice/kubepods-besteffort.slice/kubepods-besteffort-pod1af957e6_559f_4be5_952b_7730a314aef8.slice/cri-containerd-34e749c7fbe18459ef8883cc8cad5bf3325186ed0c8345ca7999f1080b2d0892.scope,docker.io/itzg/mc-proxy:latest,compute5,kubelet,34e749c7fbe18459ef8883cc8cad5bf3325186ed0c8345ca7999f1080b2d0892,multipaper,multipaper-master-velocity-6847fc75f8-rf9zr
2025-06-11 17:36:13.104000092,1768632320.0,container_memory_usage_bytes,multipaper-master-velocity,/kubepods.slice/kubepods-besteffort.slice/kubepods-besteffort-pod1af957e6_559f_4be5_952b_7730a314aef8.slice/cri-containerd-34e749c7fbe18459ef8883cc8cad5bf3325186ed0c8345ca7999f1080b2d0892.scope,docker.io/itzg/mc-proxy:latest,compute5,kubelet,34e749c7fbe18459ef8883cc8cad5bf3325186ed0c8345ca7999f1080b2d0892,multipaper,multipaper-master-velocity-6847fc75f8-rf9zr
2025-06-11 17:36:23.457999945,1767911424.0,container_memory_usage_bytes,multipaper-master-velocity,/kubepods.slice/kubepods-besteffort.slice/kubepods-besteffort-pod1af957e6_559f_4be5_952b_7730a314aef8.slice/cri-containerd-34e749c7fbe18459ef8883cc8cad5bf3325186ed0c8345ca7999f1080b2d0892.scope,docker.io/itzg/mc-proxy:latest,compute5,kubelet,34e749c7fbe18459ef8883cc8cad5bf3325186ed0c8345ca7999f1080b2d0892,multipaper,multipaper-master-velocity-6847fc75f8-rf9zr
2025-06-11 17:36:35.173000097,1768259584.0,container_memory_usage_bytes,multipaper-master-velocity,/kubepods.slice/kubepods-besteffort.slice/kubepods-besteffort-pod1af957e6_559f_4be5_952b_7730a314aef8.slice/cri-containerd-34e749c7fbe18459ef8883cc8cad5bf3325186ed0c8345ca7999f1080b2d0892.scope,docker.io/itzg/mc-proxy:latest,compute5,kubelet,34e749c7fbe18459ef8883cc8cad5bf3325186ed0c8345ca7999f1080b2d0892,multipaper,multipaper-master-velocity-6847fc75f8-rf9zr
2025-06-11 17:36:51.709000111,1769136128.0,container_memory_usage_bytes,multipaper-master-velocity,/kubepods.slice/kubepods-besteffort.slice/kubepods-besteffort-pod1af957e6_559f_4be5_952b_7730a314aef8.slice/cri-containerd-34e749c7fbe18459ef8883cc8cad5bf3325186ed0c8345ca7999f1080b2d0892.scope,docker.io/itzg/mc-proxy:latest,compute5,kubelet,34e749c7fbe18459ef8883cc8cad5bf3325186ed0c8345ca7999f1080b2d0892,multipaper,multipaper-master-velocity-6847fc75f8-rf9zr
2025-06-11 17:37:06.026999950,1768730624.0,container_memory_usage_bytes,multipaper-master-velocity,/kubepods.slice/kubepods-besteffort.slice/kubepods-besteffort-pod1af957e6_559f_4be5_952b_7730a314aef8.slice/cri-containerd-34e749c7fbe18459ef8883cc8cad5bf3325186ed0c8345ca7999f1080b2d0892.scope,docker.io/itzg/mc-proxy:latest,compute5,kubelet,34e749c7fbe18459ef8883cc8cad5bf3325186ed0c8345ca7999f1080b2d0892,multipaper,multipaper-master-velocity-6847fc75f8-rf9zr
2025-06-11 17:37:22.240999937,1768423424.0,container_memory_usage_bytes,multipaper-master-velocity,/kubepods.slice/kubepods-besteffort.slice/kubepods-besteffort-pod1af957e6_559f_4be5_952b_7730a314aef8.slice/cri-containerd-34e749c7fbe18459ef8883cc8cad5bf3325186ed0c8345ca7999f1080b2d0892.scope,docker.io/itzg/mc-proxy:latest,compute5,kubelet,34e749c7fbe18459ef8883cc8cad5bf3325186ed0c8345ca7999f1080b2d0892,multipaper,multipaper-master-velocity-6847fc75f8-rf9zr
2025-06-11 17:37:35.368999958,1772740608.0,container_memory_usage_bytes,multipaper-master-velocity,/kubepods.slice/kubepods-besteffort.slice/kubepods-besteffort-pod1af957e6_559f_4be5_952b_7730a314aef8.slice/cri-containerd-34e749c7fbe18459ef8883cc8cad5bf3325186ed0c8345ca7999f1080b2d0892.scope,docker.io/itzg/mc-proxy:latest,compute5,kubelet,34e749c7fbe18459ef8883cc8cad5bf3325186ed0c8345ca7999f1080b2d0892,multipaper,multipaper-master-velocity-6847fc75f8-rf9zr
2025-06-11 17:37:45.678999901,1772920832.0,container_memory_usage_bytes,multipaper-master-velocity,/kubepods.slice/kubepods-besteffort.slice/kubepods-besteffort-pod1af957e6_559f_4be5_952b_7730a314aef8.slice/cri-containerd-34e749c7fbe18459ef8883cc8cad5bf3325186ed0c8345ca7999f1080b2d0892.scope,docker.io/itzg/mc-proxy:latest,compute5,kubelet,34e749c7fbe18459ef8883cc8cad5bf3325186ed0c8345ca7999f1080b2d0892,multipaper,multipaper-master-velocity-6847fc75f8-rf9zr
2025-06-11 17:38:02.973000050,1773346816.0,container_memory_usage_bytes,multipaper-master-velocity,/kubepods.slice/kubepods-besteffort.slice/kubepods-besteffort-pod1af957e6_559f_4be5_952b_7730a314aef8.slice/cri-containerd-34e749c7fbe18459ef8883cc8cad5bf3325186ed0c8345ca7999f1080b2d0892.scope,docker.io/itzg/mc-proxy:latest,compute5,kubelet,34e749c7fbe18459ef8883cc8cad5bf3325186ed0c8345ca7999f1080b2d0892,multipaper,multipaper-master-velocity-6847fc75f8-rf9zr
2025-06-11 17:38:21.223000050,1772826624.0,container_memory_usage_bytes,multipaper-master-velocity,/kubepods.slice/kubepods-besteffort.slice/kubepods-besteffort-pod1af957e6_559f_4be5_952b_7730a314aef8.slice/cri-containerd-34e749c7fbe18459ef8883cc8cad5bf3325186ed0c8345ca7999f1080b2d0892.scope,docker.io/itzg/mc-proxy:latest,compute5,kubelet,34e749c7fbe18459ef8883cc8cad5bf3325186ed0c8345ca7999f1080b2d0892,multipaper,multipaper-master-velocity-6847fc75f8-rf9zr
2025-06-11 17:38:40.618999958,1773359104.0,container_memory_usage_bytes,multipaper-master-velocity,/kubepods.slice/kubepods-besteffort.slice/kubepods-besteffort-pod1af957e6_559f_4be5_952b_7730a314aef8.slice/cri-containerd-34e749c7fbe18459ef8883cc8cad5bf3325186ed0c8345ca7999f1080b2d0892.scope,docker.io/itzg/mc-proxy:latest,compute5,kubelet,34e749c7fbe18459ef8883cc8cad5bf3325186ed0c8345ca7999f1080b2d0892,multipaper,multipaper-master-velocity-6847fc75f8-rf9zr
2025-06-11 17:38:54.533999919,1777672192.0,container_memory_usage_bytes,multipaper-master-velocity,/kubepods.slice/kubepods-besteffort.slice/kubepods-besteffort-pod1af957e6_559f_4be5_952b_7730a314aef8.slice/cri-containerd-34e749c7fbe18459ef8883cc8cad5bf3325186ed0c8345ca7999f1080b2d0892.scope,docker.io/itzg/mc-proxy:latest,compute5,kubelet,34e749c7fbe18459ef8883cc8cad5bf3325186ed0c8345ca7999f1080b2d0892,multipaper,multipaper-master-velocity-6847fc75f8-rf9zr
2025-06-11 17:39:04.650000095,1778741248.0,container_memory_usage_bytes,multipaper-master-velocity,/kubepods.slice/kubepods-besteffort.slice/kubepods-besteffort-pod1af957e6_559f_4be5_952b_7730a314aef8.slice/cri-containerd-34e749c7fbe18459ef8883cc8cad5bf3325186ed0c8345ca7999f1080b2d0892.scope,docker.io/itzg/mc-proxy:latest,compute5,kubelet,34e749c7fbe18459ef8883cc8cad5bf3325186ed0c8345ca7999f1080b2d0892,multipaper,multipaper-master-velocity-6847fc75f8-rf9zr
2025-06-11 17:39:20.907000065,1777844224.0,container_memory_usage_bytes,multipaper-master-velocity,/kubepods.slice/kubepods-besteffort.slice/kubepods-besteffort-pod1af957e6_559f_4be5_952b_7730a314aef8.slice/cri-containerd-34e749c7fbe18459ef8883cc8cad5bf3325186ed0c8345ca7999f1080b2d0892.scope,docker.io/itzg/mc-proxy:latest,compute5,kubelet,34e749c7fbe18459ef8883cc8cad5bf3325186ed0c8345ca7999f1080b2d0892,multipaper,multipaper-master-velocity-6847fc75f8-rf9zr
2025-06-11 17:39:40.573999882,1781272576.0,container_memory_usage_bytes,multipaper-master-velocity,/kubepods.slice/kubepods-besteffort.slice/kubepods-besteffort-pod1af957e6_559f_4be5_952b_7730a314aef8.slice/cri-containerd-34e749c7fbe18459ef8883cc8cad5bf3325186ed0c8345ca7999f1080b2d0892.scope,docker.io/itzg/mc-proxy:latest,compute5,kubelet,34e749c7fbe18459ef8883cc8cad5bf3325186ed0c8345ca7999f1080b2d0892,multipaper,multipaper-master-velocity-6847fc75f8-rf9zr
2025-06-11 17:39:54.966000080,1786241024.0,container_memory_usage_bytes,multipaper-master-velocity,/kubepods.slice/kubepods-besteffort.slice/kubepods-besteffort-pod1af957e6_559f_4be5_952b_7730a314aef8.slice/cri-containerd-34e749c7fbe18459ef8883cc8cad5bf3325186ed0c8345ca7999f1080b2d0892.scope,docker.io/itzg/mc-proxy:latest,compute5,kubelet,34e749c7fbe18459ef8883cc8cad5bf3325186ed0c8345ca7999f1080b2d0892,multipaper,multipaper-master-velocity-6847fc75f8-rf9zr
2025-06-11 17:40:11.657999992,1786621952.0,container_memory_usage_bytes,multipaper-master-velocity,/kubepods.slice/kubepods-besteffort.slice/kubepods-besteffort-pod1af957e6_559f_4be5_952b_7730a314aef8.slice/cri-containerd-34e749c7fbe18459ef8883cc8cad5bf3325186ed0c8345ca7999f1080b2d0892.scope,docker.io/itzg/mc-proxy:latest,compute5,kubelet,34e749c7fbe18459ef8883cc8cad5bf3325186ed0c8345ca7999f1080b2d0892,multipaper,multipaper-master-velocity-6847fc75f8-rf9zr
2025-06-11 17:40:29.069999933,1786761216.0,container_memory_usage_bytes,multipaper-master-velocity,/kubepods.slice/kubepods-besteffort.slice/kubepods-besteffort-pod1af957e6_559f_4be5_952b_7730a314aef8.slice/cri-containerd-34e749c7fbe18459ef8883cc8cad5bf3325186ed0c8345ca7999f1080b2d0892.scope,docker.io/itzg/mc-proxy:latest,compute5,kubelet,34e749c7fbe18459ef8883cc8cad5bf3325186ed0c8345ca7999f1080b2d0892,multipaper,multipaper-master-velocity-6847fc75f8-rf9zr
2025-06-11 17:40:41.467000008,1786462208.0,container_memory_usage_bytes,multipaper-master-velocity,/kubepods.slice/kubepods-besteffort.slice/kubepods-besteffort-pod1af957e6_559f_4be5_952b_7730a314aef8.slice/cri-containerd-34e749c7fbe18459ef8883cc8cad5bf3325186ed0c8345ca7999f1080b2d0892.scope,docker.io/itzg/mc-proxy:latest,compute5,kubelet,34e749c7fbe18459ef8883cc8cad5bf3325186ed0c8345ca7999f1080b2d0892,multipaper,multipaper-master-velocity-6847fc75f8-rf9zr
2025-06-11 17:40:56.667999983,1787236352.0,container_memory_usage_bytes,multipaper-master-velocity,/kubepods.slice/kubepods-besteffort.slice/kubepods-besteffort-pod1af957e6_559f_4be5_952b_7730a314aef8.slice/cri-containerd-34e749c7fbe18459ef8883cc8cad5bf3325186ed0c8345ca7999f1080b2d0892.scope,docker.io/itzg/mc-proxy:latest,compute5,kubelet,34e749c7fbe18459ef8883cc8cad5bf3325186ed0c8345ca7999f1080b2d0892,multipaper,multipaper-master-velocity-6847fc75f8-rf9zr
2025-06-11 17:41:16.673000097,1791860736.0,container_memory_usage_bytes,multipaper-master-velocity,/kubepods.slice/kubepods-besteffort.slice/kubepods-besteffort-pod1af957e6_559f_4be5_952b_7730a314aef8.slice/cri-containerd-34e749c7fbe18459ef8883cc8cad5bf3325186ed0c8345ca7999f1080b2d0892.scope,docker.io/itzg/mc-proxy:latest,compute5,kubelet,34e749c7fbe18459ef8883cc8cad5bf3325186ed0c8345ca7999f1080b2d0892,multipaper,multipaper-master-velocity-6847fc75f8-rf9zr
2025-06-11 17:41:34.236999989,1792593920.0,container_memory_usage_bytes,multipaper-master-velocity,/kubepods.slice/kubepods-besteffort.slice/kubepods-besteffort-pod1af957e6_559f_4be5_952b_7730a314aef8.slice/cri-containerd-34e749c7fbe18459ef8883cc8cad5bf3325186ed0c8345ca7999f1080b2d0892.scope,docker.io/itzg/mc-proxy:latest,compute5,kubelet,34e749c7fbe18459ef8883cc8cad5bf3325186ed0c8345ca7999f1080b2d0892,multipaper,multipaper-master-velocity-6847fc75f8-rf9zr
2025-06-11 17:41:46.779000044,1792778240.0,container_memory_usage_bytes,multipaper-master-velocity,/kubepods.slice/kubepods-besteffort.slice/kubepods-besteffort-pod1af957e6_559f_4be5_952b_7730a314aef8.slice/cri-containerd-34e749c7fbe18459ef8883cc8cad5bf3325186ed0c8345ca7999f1080b2d0892.scope,docker.io/itzg/mc-proxy:latest,compute5,kubelet,34e749c7fbe18459ef8883cc8cad5bf3325186ed0c8345ca7999f1080b2d0892,multipaper,multipaper-master-velocity-6847fc75f8-rf9zr
2025-06-11 17:42:02.618000031,1792942080.0,container_memory_usage_bytes,multipaper-master-velocity,/kubepods.slice/kubepods-besteffort.slice/kubepods-besteffort-pod1af957e6_559f_4be5_952b_7730a314aef8.slice/cri-containerd-34e749c7fbe18459ef8883cc8cad5bf3325186ed0c8345ca7999f1080b2d0892.scope,docker.io/itzg/mc-proxy:latest,compute5,kubelet,34e749c7fbe18459ef8883cc8cad5bf3325186ed0c8345ca7999f1080b2d0892,multipaper,multipaper-master-velocity-6847fc75f8-rf9zr
2025-06-11 17:42:20.381000042,1792962560.0,container_memory_usage_bytes,multipaper-master-velocity,/kubepods.slice/kubepods-besteffort.slice/kubepods-besteffort-pod1af957e6_559f_4be5_952b_7730a314aef8.slice/cri-containerd-34e749c7fbe18459ef8883cc8cad5bf3325186ed0c8345ca7999f1080b2d0892.scope,docker.io/itzg/mc-proxy:latest,compute5,kubelet,34e749c7fbe18459ef8883cc8cad5bf3325186ed0c8345ca7999f1080b2d0892,multipaper,multipaper-master-velocity-6847fc75f8-rf9zr
2025-06-11 17:42:37.946000099,1794625536.0,container_memory_usage_bytes,multipaper-master-velocity,/kubepods.slice/kubepods-besteffort.slice/kubepods-besteffort-pod1af957e6_559f_4be5_952b_7730a314aef8.slice/cri-containerd-34e749c7fbe18459ef8883cc8cad5bf3325186ed0c8345ca7999f1080b2d0892.scope,docker.io/itzg/mc-proxy:latest,compute5,kubelet,34e749c7fbe18459ef8883cc8cad5bf3325186ed0c8345ca7999f1080b2d0892,multipaper,multipaper-master-velocity-6847fc75f8-rf9zr
2025-06-11 17:42:48.082999945,1794310144.0,container_memory_usage_bytes,multipaper-master-velocity,/kubepods.slice/kubepods-besteffort.slice/kubepods-besteffort-pod1af957e6_559f_4be5_952b_7730a314aef8.slice/cri-containerd-34e749c7fbe18459ef8883cc8cad5bf3325186ed0c8345ca7999f1080b2d0892.scope,docker.io/itzg/mc-proxy:latest,compute5,kubelet,34e749c7fbe18459ef8883cc8cad5bf3325186ed0c8345ca7999f1080b2d0892,multipaper,multipaper-master-velocity-6847fc75f8-rf9zr
2025-06-11 17:42:58.339999914,1794195456.0,container_memory_usage_bytes,multipaper-master-velocity,/kubepods.slice/kubepods-besteffort.slice/kubepods-besteffort-pod1af957e6_559f_4be5_952b_7730a314aef8.slice/cri-containerd-34e749c7fbe18459ef8883cc8cad5bf3325186ed0c8345ca7999f1080b2d0892.scope,docker.io/itzg/mc-proxy:latest,compute5,kubelet,34e749c7fbe18459ef8883cc8cad5bf3325186ed0c8345ca7999f1080b2d0892,multipaper,multipaper-master-velocity-6847fc75f8-rf9zr
2025-06-11 17:43:16.244999886,1794433024.0,container_memory_usage_bytes,multipaper-master-velocity,/kubepods.slice/kubepods-besteffort.slice/kubepods-besteffort-pod1af957e6_559f_4be5_952b_7730a314aef8.slice/cri-containerd-34e749c7fbe18459ef8883cc8cad5bf3325186ed0c8345ca7999f1080b2d0892.scope,docker.io/itzg/mc-proxy:latest,compute5,kubelet,34e749c7fbe18459ef8883cc8cad5bf3325186ed0c8345ca7999f1080b2d0892,multipaper,multipaper-master-velocity-6847fc75f8-rf9zr
2025-06-11 17:43:34.108999968,1795137536.0,container_memory_usage_bytes,multipaper-master-velocity,/kubepods.slice/kubepods-besteffort.slice/kubepods-besteffort-pod1af957e6_559f_4be5_952b_7730a314aef8.slice/cri-containerd-34e749c7fbe18459ef8883cc8cad5bf3325186ed0c8345ca7999f1080b2d0892.scope,docker.io/itzg/mc-proxy:latest,compute5,kubelet,34e749c7fbe18459ef8883cc8cad5bf3325186ed0c8345ca7999f1080b2d0892,multipaper,multipaper-master-velocity-6847fc75f8-rf9zr
2025-06-11 17:43:48.151999950,1795076096.0,container_memory_usage_bytes,multipaper-master-velocity,/kubepods.slice/kubepods-besteffort.slice/kubepods-besteffort-pod1af957e6_559f_4be5_952b_7730a314aef8.slice/cri-containerd-34e749c7fbe18459ef8883cc8cad5bf3325186ed0c8345ca7999f1080b2d0892.scope,docker.io/itzg/mc-proxy:latest,compute5,kubelet,34e749c7fbe18459ef8883cc8cad5bf3325186ed0c8345ca7999f1080b2d0892,multipaper,multipaper-master-velocity-6847fc75f8-rf9zr
2025-06-11 17:44:00.526000023,1795440640.0,container_memory_usage_bytes,multipaper-master-velocity,/kubepods.slice/kubepods-besteffort.slice/kubepods-besteffort-pod1af957e6_559f_4be5_952b_7730a314aef8.slice/cri-containerd-34e749c7fbe18459ef8883cc8cad5bf3325186ed0c8345ca7999f1080b2d0892.scope,docker.io/itzg/mc-proxy:latest,compute5,kubelet,34e749c7fbe18459ef8883cc8cad5bf3325186ed0c8345ca7999f1080b2d0892,multipaper,multipaper-master-velocity-6847fc75f8-rf9zr
2025-06-11 17:44:14.135999918,1796235264.0,container_memory_usage_bytes,multipaper-master-velocity,/kubepods.slice/kubepods-besteffort.slice/kubepods-besteffort-pod1af957e6_559f_4be5_952b_7730a314aef8.slice/cri-containerd-34e749c7fbe18459ef8883cc8cad5bf3325186ed0c8345ca7999f1080b2d0892.scope,docker.io/itzg/mc-proxy:latest,compute5,kubelet,34e749c7fbe18459ef8883cc8cad5bf3325186ed0c8345ca7999f1080b2d0892,multipaper,multipaper-master-velocity-6847fc75f8-rf9zr
2025-06-11 17:44:25.137000084,1796308992.0,container_memory_usage_bytes,multipaper-master-velocity,/kubepods.slice/kubepods-besteffort.slice/kubepods-besteffort-pod1af957e6_559f_4be5_952b_7730a314aef8.slice/cri-containerd-34e749c7fbe18459ef8883cc8cad5bf3325186ed0c8345ca7999f1080b2d0892.scope,docker.io/itzg/mc-proxy:latest,compute5,kubelet,34e749c7fbe18459ef8883cc8cad5bf3325186ed0c8345ca7999f1080b2d0892,multipaper,multipaper-master-velocity-6847fc75f8-rf9zr
2025-06-11 17:44:41.740999937,1797124096.0,container_memory_usage_bytes,multipaper-master-velocity,/kubepods.slice/kubepods-besteffort.slice/kubepods-besteffort-pod1af957e6_559f_4be5_952b_7730a314aef8.slice/cri-containerd-34e749c7fbe18459ef8883cc8cad5bf3325186ed0c8345ca7999f1080b2d0892.scope,docker.io/itzg/mc-proxy:latest,compute5,kubelet,34e749c7fbe18459ef8883cc8cad5bf3325186ed0c8345ca7999f1080b2d0892,multipaper,multipaper-master-velocity-6847fc75f8-rf9zr
2025-06-11 17:44:52.207999945,1797373952.0,container_memory_usage_bytes,multipaper-master-velocity,/kubepods.slice/kubepods-besteffort.slice/kubepods-besteffort-pod1af957e6_559f_4be5_952b_7730a314aef8.slice/cri-containerd-34e749c7fbe18459ef8883cc8cad5bf3325186ed0c8345ca7999f1080b2d0892.scope,docker.io/itzg/mc-proxy:latest,compute5,kubelet,34e749c7fbe18459ef8883cc8cad5bf3325186ed0c8345ca7999f1080b2d0892,multipaper,multipaper-master-velocity-6847fc75f8-rf9zr
2025-06-11 17:45:08.421999931,1797890048.0,container_memory_usage_bytes,multipaper-master-velocity,/kubepods.slice/kubepods-besteffort.slice/kubepods-besteffort-pod1af957e6_559f_4be5_952b_7730a314aef8.slice/cri-containerd-34e749c7fbe18459ef8883cc8cad5bf3325186ed0c8345ca7999f1080b2d0892.scope,docker.io/itzg/mc-proxy:latest,compute5,kubelet,34e749c7fbe18459ef8883cc8cad5bf3325186ed0c8345ca7999f1080b2d0892,multipaper,multipaper-master-velocity-6847fc75f8-rf9zr
2025-06-11 17:45:22.380000114,1798356992.0,container_memory_usage_bytes,multipaper-master-velocity,/kubepods.slice/kubepods-besteffort.slice/kubepods-besteffort-pod1af957e6_559f_4be5_952b_7730a314aef8.slice/cri-containerd-34e749c7fbe18459ef8883cc8cad5bf3325186ed0c8345ca7999f1080b2d0892.scope,docker.io/itzg/mc-proxy:latest,compute5,kubelet,34e749c7fbe18459ef8883cc8cad5bf3325186ed0c8345ca7999f1080b2d0892,multipaper,multipaper-master-velocity-6847fc75f8-rf9zr
2025-06-11 17:45:36.414000034,1798471680.0,container_memory_usage_bytes,multipaper-master-velocity,/kubepods.slice/kubepods-besteffort.slice/kubepods-besteffort-pod1af957e6_559f_4be5_952b_7730a314aef8.slice/cri-containerd-34e749c7fbe18459ef8883cc8cad5bf3325186ed0c8345ca7999f1080b2d0892.scope,docker.io/itzg/mc-proxy:latest,compute5,kubelet,34e749c7fbe18459ef8883cc8cad5bf3325186ed0c8345ca7999f1080b2d0892,multipaper,multipaper-master-velocity-6847fc75f8-rf9zr
2025-06-11 17:45:55.540999889,1798729728.0,container_memory_usage_bytes,multipaper-master-velocity,/kubepods.slice/kubepods-besteffort.slice/kubepods-besteffort-pod1af957e6_559f_4be5_952b_7730a314aef8.slice/cri-containerd-34e749c7fbe18459ef8883cc8cad5bf3325186ed0c8345ca7999f1080b2d0892.scope,docker.io/itzg/mc-proxy:latest,compute5,kubelet,34e749c7fbe18459ef8883cc8cad5bf3325186ed0c8345ca7999f1080b2d0892,multipaper,multipaper-master-velocity-6847fc75f8-rf9zr
2025-06-11 17:46:12.328000069,1799151616.0,container_memory_usage_bytes,multipaper-master-velocity,/kubepods.slice/kubepods-besteffort.slice/kubepods-besteffort-pod1af957e6_559f_4be5_952b_7730a314aef8.slice/cri-containerd-34e749c7fbe18459ef8883cc8cad5bf3325186ed0c8345ca7999f1080b2d0892.scope,docker.io/itzg/mc-proxy:latest,compute5,kubelet,34e749c7fbe18459ef8883cc8cad5bf3325186ed0c8345ca7999f1080b2d0892,multipaper,multipaper-master-velocity-6847fc75f8-rf9zr
2025-06-11 17:46:25.562000036,1799880704.0,container_memory_usage_bytes,multipaper-master-velocity,/kubepods.slice/kubepods-besteffort.slice/kubepods-besteffort-pod1af957e6_559f_4be5_952b_7730a314aef8.slice/cri-containerd-34e749c7fbe18459ef8883cc8cad5bf3325186ed0c8345ca7999f1080b2d0892.scope,docker.io/itzg/mc-proxy:latest,compute5,kubelet,34e749c7fbe18459ef8883cc8cad5bf3325186ed0c8345ca7999f1080b2d0892,multipaper,multipaper-master-velocity-6847fc75f8-rf9zr
2025-06-11 17:46:35.734999895,1799909376.0,container_memory_usage_bytes,multipaper-master-velocity,/kubepods.slice/kubepods-besteffort.slice/kubepods-besteffort-pod1af957e6_559f_4be5_952b_7730a314aef8.slice/cri-containerd-34e749c7fbe18459ef8883cc8cad5bf3325186ed0c8345ca7999f1080b2d0892.scope,docker.io/itzg/mc-proxy:latest,compute5,kubelet,34e749c7fbe18459ef8883cc8cad5bf3325186ed0c8345ca7999f1080b2d0892,multipaper,multipaper-master-velocity-6847fc75f8-rf9zr
2025-06-11 17:46:54.914999962,1799348224.0,container_memory_usage_bytes,multipaper-master-velocity,/kubepods.slice/kubepods-besteffort.slice/kubepods-besteffort-pod1af957e6_559f_4be5_952b_7730a314aef8.slice/cri-containerd-34e749c7fbe18459ef8883cc8cad5bf3325186ed0c8345ca7999f1080b2d0892.scope,docker.io/itzg/mc-proxy:latest,compute5,kubelet,34e749c7fbe18459ef8883cc8cad5bf3325186ed0c8345ca7999f1080b2d0892,multipaper,multipaper-master-velocity-6847fc75f8-rf9zr
2025-06-11 17:47:06.375000000,1799798784.0,container_memory_usage_bytes,multipaper-master-velocity,/kubepods.slice/kubepods-besteffort.slice/kubepods-besteffort-pod1af957e6_559f_4be5_952b_7730a314aef8.slice/cri-containerd-34e749c7fbe18459ef8883cc8cad5bf3325186ed0c8345ca7999f1080b2d0892.scope,docker.io/itzg/mc-proxy:latest,compute5,kubelet,34e749c7fbe18459ef8883cc8cad5bf3325186ed0c8345ca7999f1080b2d0892,multipaper,multipaper-master-velocity-6847fc75f8-rf9zr
2025-06-11 17:47:22.244999886,1799761920.0,container_memory_usage_bytes,multipaper-master-velocity,/kubepods.slice/kubepods-besteffort.slice/kubepods-besteffort-pod1af957e6_559f_4be5_952b_7730a314aef8.slice/cri-containerd-34e749c7fbe18459ef8883cc8cad5bf3325186ed0c8345ca7999f1080b2d0892.scope,docker.io/itzg/mc-proxy:latest,compute5,kubelet,34e749c7fbe18459ef8883cc8cad5bf3325186ed0c8345ca7999f1080b2d0892,multipaper,multipaper-master-velocity-6847fc75f8-rf9zr
2025-06-11 17:47:33.105000019,1800273920.0,container_memory_usage_bytes,multipaper-master-velocity,/kubepods.slice/kubepods-besteffort.slice/kubepods-besteffort-pod1af957e6_559f_4be5_952b_7730a314aef8.slice/cri-containerd-34e749c7fbe18459ef8883cc8cad5bf3325186ed0c8345ca7999f1080b2d0892.scope,docker.io/itzg/mc-proxy:latest,compute5,kubelet,34e749c7fbe18459ef8883cc8cad5bf3325186ed0c8345ca7999f1080b2d0892,multipaper,multipaper-master-velocity-6847fc75f8-rf9zr
2025-06-11 17:47:50.969000101,1800417280.0,container_memory_usage_bytes,multipaper-master-velocity,/kubepods.slice/kubepods-besteffort.slice/kubepods-besteffort-pod1af957e6_559f_4be5_952b_7730a314aef8.slice/cri-containerd-34e749c7fbe18459ef8883cc8cad5bf3325186ed0c8345ca7999f1080b2d0892.scope,docker.io/itzg/mc-proxy:latest,compute5,kubelet,34e749c7fbe18459ef8883cc8cad5bf3325186ed0c8345ca7999f1080b2d0892,multipaper,multipaper-master-velocity-6847fc75f8-rf9zr
2025-06-11 17:48:02.507999897,1802969088.0,container_memory_usage_bytes,multipaper-master-velocity,/kubepods.slice/kubepods-besteffort.slice/kubepods-besteffort-pod1af957e6_559f_4be5_952b_7730a314aef8.slice/cri-containerd-34e749c7fbe18459ef8883cc8cad5bf3325186ed0c8345ca7999f1080b2d0892.scope,docker.io/itzg/mc-proxy:latest,compute5,kubelet,34e749c7fbe18459ef8883cc8cad5bf3325186ed0c8345ca7999f1080b2d0892,multipaper,multipaper-master-velocity-6847fc75f8-rf9zr
2025-06-11 17:48:14.036999941,1803309056.0,container_memory_usage_bytes,multipaper-master-velocity,/kubepods.slice/kubepods-besteffort.slice/kubepods-besteffort-pod1af957e6_559f_4be5_952b_7730a314aef8.slice/cri-containerd-34e749c7fbe18459ef8883cc8cad5bf3325186ed0c8345ca7999f1080b2d0892.scope,docker.io/itzg/mc-proxy:latest,compute5,kubelet,34e749c7fbe18459ef8883cc8cad5bf3325186ed0c8345ca7999f1080b2d0892,multipaper,multipaper-master-velocity-6847fc75f8-rf9zr
2025-06-11 17:48:26.059999943,1803661312.0,container_memory_usage_bytes,multipaper-master-velocity,/kubepods.slice/kubepods-besteffort.slice/kubepods-besteffort-pod1af957e6_559f_4be5_952b_7730a314aef8.slice/cri-containerd-34e749c7fbe18459ef8883cc8cad5bf3325186ed0c8345ca7999f1080b2d0892.scope,docker.io/itzg/mc-proxy:latest,compute5,kubelet,34e749c7fbe18459ef8883cc8cad5bf3325186ed0c8345ca7999f1080b2d0892,multipaper,multipaper-master-velocity-6847fc75f8-rf9zr
2025-06-11 17:48:42.938999891,1803362304.0,container_memory_usage_bytes,multipaper-master-velocity,/kubepods.slice/kubepods-besteffort.slice/kubepods-besteffort-pod1af957e6_559f_4be5_952b_7730a314aef8.slice/cri-containerd-34e749c7fbe18459ef8883cc8cad5bf3325186ed0c8345ca7999f1080b2d0892.scope,docker.io/itzg/mc-proxy:latest,compute5,kubelet,34e749c7fbe18459ef8883cc8cad5bf3325186ed0c8345ca7999f1080b2d0892,multipaper,multipaper-master-velocity-6847fc75f8-rf9zr
2025-06-11 17:48:58.996999979,1805639680.0,container_memory_usage_bytes,multipaper-master-velocity,/kubepods.slice/kubepods-besteffort.slice/kubepods-besteffort-pod1af957e6_559f_4be5_952b_7730a314aef8.slice/cri-containerd-34e749c7fbe18459ef8883cc8cad5bf3325186ed0c8345ca7999f1080b2d0892.scope,docker.io/itzg/mc-proxy:latest,compute5,kubelet,34e749c7fbe18459ef8883cc8cad5bf3325186ed0c8345ca7999f1080b2d0892,multipaper,multipaper-master-velocity-6847fc75f8-rf9zr
2025-06-11 17:49:09.960000038,1803919360.0,container_memory_usage_bytes,multipaper-master-velocity,/kubepods.slice/kubepods-besteffort.slice/kubepods-besteffort-pod1af957e6_559f_4be5_952b_7730a314aef8.slice/cri-containerd-34e749c7fbe18459ef8883cc8cad5bf3325186ed0c8345ca7999f1080b2d0892.scope,docker.io/itzg/mc-proxy:latest,compute5,kubelet,34e749c7fbe18459ef8883cc8cad5bf3325186ed0c8345ca7999f1080b2d0892,multipaper,multipaper-master-velocity-6847fc75f8-rf9zr
2025-06-11 17:49:29.983000040,1804574720.0,container_memory_usage_bytes,multipaper-master-velocity,/kubepods.slice/kubepods-besteffort.slice/kubepods-besteffort-pod1af957e6_559f_4be5_952b_7730a314aef8.slice/cri-containerd-34e749c7fbe18459ef8883cc8cad5bf3325186ed0c8345ca7999f1080b2d0892.scope,docker.io/itzg/mc-proxy:latest,compute5,kubelet,34e749c7fbe18459ef8883cc8cad5bf3325186ed0c8345ca7999f1080b2d0892,multipaper,multipaper-master-velocity-6847fc75f8-rf9zr
2025-06-11 17:49:44.101000071,1804980224.0,container_memory_usage_bytes,multipaper-master-velocity,/kubepods.slice/kubepods-besteffort.slice/kubepods-besteffort-pod1af957e6_559f_4be5_952b_7730a314aef8.slice/cri-containerd-34e749c7fbe18459ef8883cc8cad5bf3325186ed0c8345ca7999f1080b2d0892.scope,docker.io/itzg/mc-proxy:latest,compute5,kubelet,34e749c7fbe18459ef8883cc8cad5bf3325186ed0c8345ca7999f1080b2d0892,multipaper,multipaper-master-velocity-6847fc75f8-rf9zr
2025-06-11 17:49:58.704999924,1805111296.0,container_memory_usage_bytes,multipaper-master-velocity,/kubepods.slice/kubepods-besteffort.slice/kubepods-besteffort-pod1af957e6_559f_4be5_952b_7730a314aef8.slice/cri-containerd-34e749c7fbe18459ef8883cc8cad5bf3325186ed0c8345ca7999f1080b2d0892.scope,docker.io/itzg/mc-proxy:latest,compute5,kubelet,34e749c7fbe18459ef8883cc8cad5bf3325186ed0c8345ca7999f1080b2d0892,multipaper,multipaper-master-velocity-6847fc75f8-rf9zr
2025-06-11 17:50:12.851000071,1800585216.0,container_memory_usage_bytes,multipaper-master-velocity,/kubepods.slice/kubepods-besteffort.slice/kubepods-besteffort-pod1af957e6_559f_4be5_952b_7730a314aef8.slice/cri-containerd-34e749c7fbe18459ef8883cc8cad5bf3325186ed0c8345ca7999f1080b2d0892.scope,docker.io/itzg/mc-proxy:latest,compute5,kubelet,34e749c7fbe18459ef8883cc8cad5bf3325186ed0c8345ca7999f1080b2d0892,multipaper,multipaper-master-velocity-6847fc75f8-rf9zr
